"stim_id","twister","exp_cond","cb_cond","vowel","crit_cons"
2476,"sang ham kag naf","coda","AE->F; IH->S","AE","FS"
1365,"man hang gass kaf","coda","AE->F; IH->S","AE","FS"
2120,"gaf kan mass hang","coda","AE->F; IH->S","AE","FS"
632,"san haf gam kang","coda","AE->F; IH->S","AE","FS"
1494,"sag naf hang mak","coda","AE->F; IH->S","AE","FS"
1486,"mak gaf hang san","coda","AE->F; IH->S","AE","FS"
2518,"gan maf hak sang","coda","AE->F; IH->S","AE","FS"
2597,"san haf kag mang","coda","AE->F; IH->S","AE","FS"
2666,"kass maf hang gan","coda","AE->F; IH->S","AE","FS"
1852,"gass maf nang hak","coda","AE->F; IH->S","AE","FS"
2468,"haf mang gass nak","coda","AE->F; IH->S","AE","FS"
1518,"hang kan gaf mass","coda","AE->F; IH->S","AE","FS"
1650,"maf hang gak san","coda","AE->F; IH->S","AE","FS"
2674,"nang mag kaf hass","coda","AE->F; IH->S","AE","FS"
1801,"nass gang ham kaf","coda","AE->F; IH->S","AE","FS"
2523,"kaf han mang sag","coda","AE->F; IH->S","AE","FS"
2560,"nak haf mang sag","coda","AE->F; IH->S","AE","FS"
1480,"gam haf sang kan","coda","AE->F; IH->S","AE","FS"
2267,"gass naf mang hak","coda","AE->F; IH->S","AE","FS"
2970,"saf kan mag hang","coda","AE->F; IH->S","AE","FS"
922,"gaf mass kang han","coda","AE->F; IH->S","AE","FS"
2662,"nak mag hang saf","coda","AE->F; IH->S","AE","FS"
2329,"hass mang kan gaf","coda","AE->F; IH->S","AE","FS"
1763,"nang hag mass kaf","coda","AE->F; IH->S","AE","FS"
2316,"nass mag kang haf","coda","AE->F; IH->S","AE","FS"
1322,"gam saf nak hang","coda","AE->F; IH->S","AE","FS"
583,"sang ham nak gaf","coda","AE->F; IH->S","AE","FS"
1295,"nam saf gang hak","coda","AE->F; IH->S","AE","FS"
2044,"kaf mag hass nang","coda","AE->F; IH->S","AE","FS"
2978,"hag nak maf sang","coda","AE->F; IH->S","AE","FS"
2068,"sak mang gaf han","coda","AE->F; IH->S","AE","FS"
1454,"han sak gaf mang","coda","AE->F; IH->S","AE","FS"
554,"kag mass nang haf","coda","AE->F; IH->S","AE","FS"
1123,"maf han sang kag","coda","AE->F; IH->S","AE","FS"
2921,"naf sag mang hak","coda","AE->F; IH->S","AE","FS"
2603,"sag naf mak hang","coda","AE->F; IH->S","AE","FS"
802,"gass haf mak nang","coda","AE->F; IH->S","AE","FS"
2391,"saf kam han gang","coda","AE->F; IH->S","AE","FS"
1040,"sam hak gaf nang","coda","AE->F; IH->S","AE","FS"
1235,"kag hang san maf","coda","AE->F; IH->S","AE","FS"
2898,"ham gak sang naf","coda","AE->F; IH->S","AE","FS"
959,"nag mass kang haf","coda","AE->F; IH->S","AE","FS"
2762,"sak mag haf nang","coda","AE->F; IH->S","AE","FS"
2334,"hang san gaf mak","coda","AE->F; IH->S","AE","FS"
1415,"mag sak nang haf","coda","AE->F; IH->S","AE","FS"
2393,"hak nam saf gang","coda","AE->F; IH->S","AE","FS"
2370,"sam naf kag hang","coda","AE->F; IH->S","AE","FS"
1325,"gang kam haf san","coda","AE->F; IH->S","AE","FS"
2920,"hak mang san gaf","coda","AE->F; IH->S","AE","FS"
754,"saf hag mak nang","coda","AE->F; IH->S","AE","FS"
1263,"saf mang han gak","coda","AE->F; IH->S","AE","FS"
1320,"sag hang kan maf","coda","AE->F; IH->S","AE","FS"
1451,"nass kang ham gaf","coda","AE->F; IH->S","AE","FS"
665,"mag kass haf nang","coda","AE->F; IH->S","AE","FS"
2904,"haf sang mag kan","coda","AE->F; IH->S","AE","FS"
402,"saf hag kam nang","coda","AE->F; IH->S","AE","FS"
346,"sak naf hag mang","coda","AE->F; IH->S","AE","FS"
730,"mag hang naf sak","coda","AE->F; IH->S","AE","FS"
2,"mang hak naf gass","coda","AE->F; IH->S","AE","FS"
576,"mang sag haf nak","coda","AE->F; IH->S","AE","FS"
1564,"hak nang gam saf","coda","AE->F; IH->S","AE","FS"
1655,"nass mag kaf hang","coda","AE->F; IH->S","AE","FS"
639,"gam saf kan hang","coda","AE->F; IH->S","AE","FS"
1395,"nam hass kang gaf","coda","AE->F; IH->S","AE","FS"
116,"ham kang saf gan","coda","AE->F; IH->S","AE","FS"
555,"sam hang naf gak","coda","AE->F; IH->S","AE","FS"
2871,"hang gass kaf man","coda","AE->F; IH->S","AE","FS"
818,"ham sak gang naf","coda","AE->F; IH->S","AE","FS"
1979,"saf gang hak nam","coda","AE->F; IH->S","AE","FS"
595,"gam san haf kang","coda","AE->F; IH->S","AE","FS"
1030,"maf hak nag sang","coda","AE->F; IH->S","AE","FS"
860,"san kag hang maf","coda","AE->F; IH->S","AE","FS"
3049,"sam gak hang naf","coda","AE->F; IH->S","AE","FS"
677,"mang kan hass gaf","coda","AE->F; IH->S","AE","FS"
1043,"gass kan mang haf","coda","AE->F; IH->S","AE","FS"
1591,"kaf han sam gang","coda","AE->F; IH->S","AE","FS"
1445,"sang hak naf mag","coda","AE->F; IH->S","AE","FS"
1712,"gang maf nak hass","coda","AE->F; IH->S","AE","FS"
1482,"nass maf gang hak","coda","AE->F; IH->S","AE","FS"
768,"kan hang maf sag","coda","AE->F; IH->S","AE","FS"
461,"maf hass kang gan","coda","AE->F; IH->S","AE","FS"
599,"sak gam nang haf","coda","AE->F; IH->S","AE","FS"
3013,"saf kang hag nam","coda","AE->F; IH->S","AE","FS"
229,"haf gang kam nass","coda","AE->F; IH->S","AE","FS"
997,"haf mag sang nak","coda","AE->F; IH->S","AE","FS"
2805,"gak hang maf nass","coda","AE->F; IH->S","AE","FS"
1036,"naf sak hang gam","coda","AE->F; IH->S","AE","FS"
9,"kaf mag hang nass","coda","AE->F; IH->S","AE","FS"
2710,"haf gass mang kan","coda","AE->F; IH->S","AE","FS"
148,"mang naf kag hass","coda","AE->F; IH->S","AE","FS"
2346,"mang naf hag kass","coda","AE->F; IH->S","AE","FS"
2976,"maf nang sag hak","coda","AE->F; IH->S","AE","FS"
582,"gam naf hass kang","coda","AE->F; IH->S","AE","FS"
444,"mang kan sag haf","coda","AE->F; IH->S","AE","FS"
2053,"nag mang haf kass","coda","AE->F; IH->S","AE","FS"
331,"haf man sang kag","coda","AE->F; IH->S","AE","FS"
35,"kiss nif hing ghim","coda","AE->F; IH->S","IH","FS"
2481,"min kif hing ghiss","coda","AE->F; IH->S","IH","FS"
220,"hing ghif niss kim","coda","AE->F; IH->S","IH","FS"
1192,"ming kiss hin ghif","coda","AE->F; IH->S","IH","FS"
987,"hik ghing miss fin","coda","AE->F; IH->S","IH","FS"
1596,"hing mik niss fig","coda","AE->F; IH->S","IH","FS"
2695,"nif ghik hiss ming","coda","AE->F; IH->S","IH","FS"
966,"min king hig fiss","coda","AE->F; IH->S","IH","FS"
497,"nik fing hiss mig","coda","AE->F; IH->S","IH","FS"
149,"mik ning hiss fig","coda","AE->F; IH->S","IH","FS"
2059,"ning him fiss kig","coda","AE->F; IH->S","IH","FS"
2536,"ghin fik hing miss","coda","AE->F; IH->S","IH","FS"
1666,"ghing nif miss hik","coda","AE->F; IH->S","IH","FS"
1485,"hin kim ghiss fing","coda","AE->F; IH->S","IH","FS"
1197,"fig hik ming niss","coda","AE->F; IH->S","IH","FS"
1357,"nim ghiss kif hing","coda","AE->F; IH->S","IH","FS"
195,"fing mik hin ghiss","coda","AE->F; IH->S","IH","FS"
270,"miss ghif kin hing","coda","AE->F; IH->S","IH","FS"
2632,"fig niss hing mik","coda","AE->F; IH->S","IH","FS"
863,"fiss hig ming nik","coda","AE->F; IH->S","IH","FS"
79,"mig nif hiss king","coda","AE->F; IH->S","IH","FS"
227,"him kin ghiss fing","coda","AE->F; IH->S","IH","FS"
2257,"ming hif niss kig","coda","AE->F; IH->S","IH","FS"
2004,"hing fiss kin mig","coda","AE->F; IH->S","IH","FS"
648,"fing ghim kiss hin","coda","AE->F; IH->S","IH","FS"
2256,"ghim kiss ning hif","coda","AE->F; IH->S","IH","FS"
295,"hiss king fin mig","coda","AE->F; IH->S","IH","FS"
2693,"ghif kiss hing min","coda","AE->F; IH->S","IH","FS"
788,"king fig hiss min","coda","AE->F; IH->S","IH","FS"
910,"hin fik ming ghiss","coda","AE->F; IH->S","IH","FS"
2279,"nim fing hiss ghik","coda","AE->F; IH->S","IH","FS"
975,"hig king fin miss","coda","AE->F; IH->S","IH","FS"
1095,"hing fin ghik miss","coda","AE->F; IH->S","IH","FS"
473,"ghif nik hing miss","coda","AE->F; IH->S","IH","FS"
2439,"hik fing ghiss nim","coda","AE->F; IH->S","IH","FS"
995,"fiss him kig ning","coda","AE->F; IH->S","IH","FS"
2407,"miss hig ning fik","coda","AE->F; IH->S","IH","FS"
2174,"ghim fiss kin hing","coda","AE->F; IH->S","IH","FS"
2487,"kiss ming fin hig","coda","AE->F; IH->S","IH","FS"
2635,"him ghif ning kiss","coda","AE->F; IH->S","IH","FS"
130,"hing kig fin miss","coda","AE->F; IH->S","IH","FS"
2563,"mif king hig niss","coda","AE->F; IH->S","IH","FS"
451,"miss ning hif ghik","coda","AE->F; IH->S","IH","FS"
2747,"kim hiss ghif ning","coda","AE->F; IH->S","IH","FS"
2337,"ghim fin hing kiss","coda","AE->F; IH->S","IH","FS"
2843,"hik ning ghiss fim","coda","AE->F; IH->S","IH","FS"
1308,"kim hiss ghing fin","coda","AE->F; IH->S","IH","FS"
2401,"hing fiss kig min","coda","AE->F; IH->S","IH","FS"
590,"mig niss king hif","coda","AE->F; IH->S","IH","FS"
605,"ghim hik ning fiss","coda","AE->F; IH->S","IH","FS"
2965,"hig fing kin miss","coda","AE->F; IH->S","IH","FS"
1466,"hik min ghing fiss","coda","AE->F; IH->S","IH","FS"
1578,"hif ghik miss ning","coda","AE->F; IH->S","IH","FS"
1570,"hing ghin mif kiss","coda","AE->F; IH->S","IH","FS"
2899,"ghiss him fin king","coda","AE->F; IH->S","IH","FS"
1087,"hing miss ghif nik","coda","AE->F; IH->S","IH","FS"
429,"hing mik ghiss fin","coda","AE->F; IH->S","IH","FS"
738,"kiss fing hig nim","coda","AE->F; IH->S","IH","FS"
1916,"kim fing hig niss","coda","AE->F; IH->S","IH","FS"
332,"kif ghing hiss min","coda","AE->F; IH->S","IH","FS"
2209,"king min hiss ghif","coda","AE->F; IH->S","IH","FS"
2227,"hiss fing nim ghik","coda","AE->F; IH->S","IH","FS"
865,"kin mif hiss ghing","coda","AE->F; IH->S","IH","FS"
2052,"kig ning mif hiss","coda","AE->F; IH->S","IH","FS"
476,"hik niss fing ghim","coda","AE->F; IH->S","IH","FS"
2892,"ning mif hiss ghik","coda","AE->F; IH->S","IH","FS"
3065,"fig hin kiss ming","coda","AE->F; IH->S","IH","FS"
1075,"hig miss fik ning","coda","AE->F; IH->S","IH","FS"
330,"king min hig fiss","coda","AE->F; IH->S","IH","FS"
1692,"kif ming hiss ghin","coda","AE->F; IH->S","IH","FS"
2555,"ning fim ghik hiss","coda","AE->F; IH->S","IH","FS"
248,"ghin ming hiss fik","coda","AE->F; IH->S","IH","FS"
806,"hik ghiss ming fin","coda","AE->F; IH->S","IH","FS"
2783,"fim niss hing ghik","coda","AE->F; IH->S","IH","FS"
1160,"hiss ghing mik nif","coda","AE->F; IH->S","IH","FS"
1588,"nik ghiss hif ming","coda","AE->F; IH->S","IH","FS"
91,"ghing miss fin hik","coda","AE->F; IH->S","IH","FS"
88,"ghiss kif min hing","coda","AE->F; IH->S","IH","FS"
1531,"ghiss fing him kin","coda","AE->F; IH->S","IH","FS"
1528,"ming hiss fin kig","coda","AE->F; IH->S","IH","FS"
314,"hik fiss ning mig","coda","AE->F; IH->S","IH","FS"
1313,"hiss fik ning ghim","coda","AE->F; IH->S","IH","FS"
1975,"ghin kim fiss hing","coda","AE->F; IH->S","IH","FS"
413,"hig king fim niss","coda","AE->F; IH->S","IH","FS"
710,"ghing mik niss hif","coda","AE->F; IH->S","IH","FS"
666,"hik ghing nif miss","coda","AE->F; IH->S","IH","FS"
2222,"kig fin hiss ming","coda","AE->F; IH->S","IH","FS"
2106,"fing kiss hig min","coda","AE->F; IH->S","IH","FS"
1491,"hik fing ghiss min","coda","AE->F; IH->S","IH","FS"
877,"nik fiss hing ghim","coda","AE->F; IH->S","IH","FS"
1674,"nik fig miss hing","coda","AE->F; IH->S","IH","FS"
1140,"mig king nif hiss","coda","AE->F; IH->S","IH","FS"
692,"king hin fig miss","coda","AE->F; IH->S","IH","FS"
2063,"him niss fing kig","coda","AE->F; IH->S","IH","FS"
1270,"kig fim hiss ning","coda","AE->F; IH->S","IH","FS"
1273,"fik niss ghing him","coda","AE->F; IH->S","IH","FS"
2789,"hang gass nam kaf","coda","AE->S; IH->F","AE","FS"
2810,"ham gang nass fak","coda","AE->S; IH->F","AE","FS"
358,"kam fass hang gan","coda","AE->S; IH->F","AE","FS"
1457,"fang hass man gak","coda","AE->S; IH->F","AE","FS"
757,"nak gass mang haf","coda","AE->S; IH->F","AE","FS"
2193,"man fang kag hass","coda","AE->S; IH->F","AE","FS"
141,"hak gass naf mang","coda","AE->S; IH->F","AE","FS"
1283,"haf gass kam nang","coda","AE->S; IH->F","AE","FS"
512,"gaf mang nass hak","coda","AE->S; IH->F","AE","FS"
1389,"fass mak han gang","coda","AE->S; IH->F","AE","FS"
1539,"mak gass fang han","coda","AE->S; IH->F","AE","FS"
1062,"hang nag kam fass","coda","AE->S; IH->F","AE","FS"
11,"maf gang kass han","coda","AE->S; IH->F","AE","FS"
2537,"kan gass hang fam","coda","AE->S; IH->F","AE","FS"
1222,"mang hag kan fass","coda","AE->S; IH->F","AE","FS"
1961,"nag fass ham kang","coda","AE->S; IH->F","AE","FS"
2694,"han kaf mass gang","coda","AE->S; IH->F","AE","FS"
641,"naf gam hang kass","coda","AE->S; IH->F","AE","FS"
1264,"nang fam kag hass","coda","AE->S; IH->F","AE","FS"
162,"gang fan hass kam","coda","AE->S; IH->F","AE","FS"
2320,"mang han fak gass","coda","AE->S; IH->F","AE","FS"
1405,"gang mak fan hass","coda","AE->S; IH->F","AE","FS"
166,"hass nam fang kag","coda","AE->S; IH->F","AE","FS"
2168,"han fass gam kang","coda","AE->S; IH->F","AE","FS"
458,"fass kam gan hang","coda","AE->S; IH->F","AE","FS"
2296,"hag mang nak fass","coda","AE->S; IH->F","AE","FS"
2314,"han gang fam kass","coda","AE->S; IH->F","AE","FS"
2981,"gak hang fass man","coda","AE->S; IH->F","AE","FS"
556,"hag fass kang man","coda","AE->S; IH->F","AE","FS"
1888,"hag kass nam fang","coda","AE->S; IH->F","AE","FS"
422,"haf nass mag kang","coda","AE->S; IH->F","AE","FS"
1815,"naf ham gass kang","coda","AE->S; IH->F","AE","FS"
1143,"naf kang hass mag","coda","AE->S; IH->F","AE","FS"
2628,"maf gass kan hang","coda","AE->S; IH->F","AE","FS"
1603,"mag nass kaf hang","coda","AE->S; IH->F","AE","FS"
1814,"fak hang gam nass","coda","AE->S; IH->F","AE","FS"
526,"nang gaf mak hass","coda","AE->S; IH->F","AE","FS"
2156,"gang nam hak fass","coda","AE->S; IH->F","AE","FS"
1255,"haf nass gam kang","coda","AE->S; IH->F","AE","FS"
1148,"fam gass han kang","coda","AE->S; IH->F","AE","FS"
2624,"kang haf nass mag","coda","AE->S; IH->F","AE","FS"
2894,"nam hak gass fang","coda","AE->S; IH->F","AE","FS"
257,"gak haf nass mang","coda","AE->S; IH->F","AE","FS"
614,"gass hang nak maf","coda","AE->S; IH->F","AE","FS"
2614,"fang hass gam nak","coda","AE->S; IH->F","AE","FS"
2171,"hag nang fass kam","coda","AE->S; IH->F","AE","FS"
2218,"fam kan gang hass","coda","AE->S; IH->F","AE","FS"
790,"ham fan gang kass","coda","AE->S; IH->F","AE","FS"
1236,"nak mag fass hang","coda","AE->S; IH->F","AE","FS"
714,"haf nass kang mag","coda","AE->S; IH->F","AE","FS"
1633,"hag nass kang fam","coda","AE->S; IH->F","AE","FS"
2480,"gaf mass nak hang","coda","AE->S; IH->F","AE","FS"
403,"gass kan maf hang","coda","AE->S; IH->F","AE","FS"
2884,"fam kag nass hang","coda","AE->S; IH->F","AE","FS"
2382,"gan fass hang mak","coda","AE->S; IH->F","AE","FS"
2836,"kam nag hang fass","coda","AE->S; IH->F","AE","FS"
377,"kag nass hang maf","coda","AE->S; IH->F","AE","FS"
1697,"hass gak nang fam","coda","AE->S; IH->F","AE","FS"
213,"fang gam hass kan","coda","AE->S; IH->F","AE","FS"
2559,"nang hass mag fak","coda","AE->S; IH->F","AE","FS"
1999,"mag kass naf hang","coda","AE->S; IH->F","AE","FS"
2631,"naf kam gang hass","coda","AE->S; IH->F","AE","FS"
2086,"gak hang man fass","coda","AE->S; IH->F","AE","FS"
2593,"mass haf gang nak","coda","AE->S; IH->F","AE","FS"
2708,"naf mass hag kang","coda","AE->S; IH->F","AE","FS"
744,"fang hass kan mag","coda","AE->S; IH->F","AE","FS"
2404,"kaf nang mag hass","coda","AE->S; IH->F","AE","FS"
814,"fak mang hass nag","coda","AE->S; IH->F","AE","FS"
1569,"nang kaf gam hass","coda","AE->S; IH->F","AE","FS"
2029,"mang nag hass fak","coda","AE->S; IH->F","AE","FS"
879,"nak hass fam gang","coda","AE->S; IH->F","AE","FS"
1945,"fam hag kass nang","coda","AE->S; IH->F","AE","FS"
1838,"naf gass hang kam","coda","AE->S; IH->F","AE","FS"
56,"gang haf nass mak","coda","AE->S; IH->F","AE","FS"
1713,"gan fam hass kang","coda","AE->S; IH->F","AE","FS"
59,"hak nag mass fang","coda","AE->S; IH->F","AE","FS"
2780,"gaf kass han mang","coda","AE->S; IH->F","AE","FS"
773,"haf gang nak mass","coda","AE->S; IH->F","AE","FS"
2469,"gass nang ham kaf","coda","AE->S; IH->F","AE","FS"
3033,"fam nang hass kag","coda","AE->S; IH->F","AE","FS"
2389,"hang kass fam gan","coda","AE->S; IH->F","AE","FS"
855,"gam hak fang nass","coda","AE->S; IH->F","AE","FS"
1774,"kan ham fang gass","coda","AE->S; IH->F","AE","FS"
2301,"kan gam hang fass","coda","AE->S; IH->F","AE","FS"
490,"fak mang hag nass","coda","AE->S; IH->F","AE","FS"
764,"kag hang fam nass","coda","AE->S; IH->F","AE","FS"
2355,"kass fan mag hang","coda","AE->S; IH->F","AE","FS"
532,"gass nang fam hak","coda","AE->S; IH->F","AE","FS"
1716,"kang maf gan hass","coda","AE->S; IH->F","AE","FS"
669,"gaf kang nam hass","coda","AE->S; IH->F","AE","FS"
2460,"nass kam fang hag","coda","AE->S; IH->F","AE","FS"
2654,"nass gang kaf ham","coda","AE->S; IH->F","AE","FS"
2387,"hag fass nang mak","coda","AE->S; IH->F","AE","FS"
1804,"nag fang hak mass","coda","AE->S; IH->F","AE","FS"
2887,"fang hak gam nass","coda","AE->S; IH->F","AE","FS"
1100,"nang gam hass fak","coda","AE->S; IH->F","AE","FS"
2918,"nik hig sing mif","coda","AE->S; IH->F","IH","FS"
2791,"hif sig ming kin","coda","AE->S; IH->F","IH","FS"
1316,"hing sim kif ghin","coda","AE->S; IH->F","IH","FS"
391,"hing kiss ghim nif","coda","AE->S; IH->F","IH","FS"
2003,"sik hig ning mif","coda","AE->S; IH->F","IH","FS"
417,"king ghif niss him","coda","AE->S; IH->F","IH","FS"
368,"sik nif hig ming","coda","AE->S; IH->F","IH","FS"
2201,"ghing him sif nik","coda","AE->S; IH->F","IH","FS"
1565,"sik hing min ghif","coda","AE->S; IH->F","IH","FS"
2516,"sim nif hing kig","coda","AE->S; IH->F","IH","FS"
2630,"mif niss hing ghik","coda","AE->S; IH->F","IH","FS"
1878,"miss kif ghing hin","coda","AE->S; IH->F","IH","FS"
342,"nif hig ming kiss","coda","AE->S; IH->F","IH","FS"
1391,"ning hik mig sif","coda","AE->S; IH->F","IH","FS"
2917,"mik sing hig nif","coda","AE->S; IH->F","IH","FS"
1317,"nif sing him kig","coda","AE->S; IH->F","IH","FS"
2966,"mik hif ghin sing","coda","AE->S; IH->F","IH","FS"
1200,"kiss hig ning mif","coda","AE->S; IH->F","IH","FS"
2033,"mik sif ghin hing","coda","AE->S; IH->F","IH","FS"
2779,"hing ghif niss mik","coda","AE->S; IH->F","IH","FS"
2018,"hing kig sim nif","coda","AE->S; IH->F","IH","FS"
1812,"ming hin ghik sif","coda","AE->S; IH->F","IH","FS"
504,"nim hiss ghing kif","coda","AE->S; IH->F","IH","FS"
1130,"sif king hig min","coda","AE->S; IH->F","IH","FS"
980,"hif ming ghik niss","coda","AE->S; IH->F","IH","FS"
2701,"hik miss nif ghing","coda","AE->S; IH->F","IH","FS"
1940,"hing mif kiss ghin","coda","AE->S; IH->F","IH","FS"
187,"hig sim kif ning","coda","AE->S; IH->F","IH","FS"
2012,"hig mif kiss ning","coda","AE->S; IH->F","IH","FS"
1354,"miss ning ghif hik","coda","AE->S; IH->F","IH","FS"
1542,"hig kif ming sin","coda","AE->S; IH->F","IH","FS"
232,"hig sing kif min","coda","AE->S; IH->F","IH","FS"
1314,"ning hiss mif ghik","coda","AE->S; IH->F","IH","FS"
2265,"ghin hif sing mik","coda","AE->S; IH->F","IH","FS"
1618,"nif sing mig hik","coda","AE->S; IH->F","IH","FS"
771,"ghim nif sing hik","coda","AE->S; IH->F","IH","FS"
708,"hig sif ning mik","coda","AE->S; IH->F","IH","FS"
1886,"ghif nik miss hing","coda","AE->S; IH->F","IH","FS"
1428,"nik ghif him sing","coda","AE->S; IH->F","IH","FS"
1061,"ghik hif ming sin","coda","AE->S; IH->F","IH","FS"
1397,"ghiss king mif hin","coda","AE->S; IH->F","IH","FS"
1829,"king sif ghim hin","coda","AE->S; IH->F","IH","FS"
519,"nik hif sing mig","coda","AE->S; IH->F","IH","FS"
2858,"sing min hif ghik","coda","AE->S; IH->F","IH","FS"
360,"ghim kif hing niss","coda","AE->S; IH->F","IH","FS"
2077,"kiss ghing mif hin","coda","AE->S; IH->F","IH","FS"
1822,"hiss king min ghif","coda","AE->S; IH->F","IH","FS"
122,"ghin mif kiss hing","coda","AE->S; IH->F","IH","FS"
1527,"sif hing nik mig","coda","AE->S; IH->F","IH","FS"
2629,"ghif kim sin hing","coda","AE->S; IH->F","IH","FS"
2704,"kim ghing niss hif","coda","AE->S; IH->F","IH","FS"
891,"mif ghiss ning hik","coda","AE->S; IH->F","IH","FS"
482,"mig kif hiss ning","coda","AE->S; IH->F","IH","FS"
182,"mig sif hing nik","coda","AE->S; IH->F","IH","FS"
667,"niss hif kig ming","coda","AE->S; IH->F","IH","FS"
2394,"sif kim hig ning","coda","AE->S; IH->F","IH","FS"
459,"mif hik ghiss ning","coda","AE->S; IH->F","IH","FS"
654,"mik ghing sin hif","coda","AE->S; IH->F","IH","FS"
1952,"hig sin king mif","coda","AE->S; IH->F","IH","FS"
900,"sin ghing kim hif","coda","AE->S; IH->F","IH","FS"
1960,"ghing hiss min kif","coda","AE->S; IH->F","IH","FS"
913,"nim sing hif ghik","coda","AE->S; IH->F","IH","FS"
1819,"kin hing miss ghif","coda","AE->S; IH->F","IH","FS"
739,"hing mif nik ghiss","coda","AE->S; IH->F","IH","FS"
794,"ming sig hin kif","coda","AE->S; IH->F","IH","FS"
751,"hing ghif kin miss","coda","AE->S; IH->F","IH","FS"
2896,"nif mig sik hing","coda","AE->S; IH->F","IH","FS"
178,"ghif mik hiss ning","coda","AE->S; IH->F","IH","FS"
2475,"ghiss nim hif king","coda","AE->S; IH->F","IH","FS"
523,"sik ghif ning him","coda","AE->S; IH->F","IH","FS"
1132,"sin hing kif mig","coda","AE->S; IH->F","IH","FS"
717,"kim sif hin ghing","coda","AE->S; IH->F","IH","FS"
494,"sif nik ming hig","coda","AE->S; IH->F","IH","FS"
1711,"hif ghiss king min","coda","AE->S; IH->F","IH","FS"
815,"hik sin mif ghing","coda","AE->S; IH->F","IH","FS"
453,"sif kin him ghing","coda","AE->S; IH->F","IH","FS"
2253,"sif ghing kim hin","coda","AE->S; IH->F","IH","FS"
2826,"ghing kiss min hif","coda","AE->S; IH->F","IH","FS"
1984,"mig nif hing sik","coda","AE->S; IH->F","IH","FS"
1665,"sig nik hif ming","coda","AE->S; IH->F","IH","FS"
973,"sing mif hig nik","coda","AE->S; IH->F","IH","FS"
1000,"kiss ghin mif hing","coda","AE->S; IH->F","IH","FS"
962,"hing kig sin mif","coda","AE->S; IH->F","IH","FS"
2861,"kig hif sim ning","coda","AE->S; IH->F","IH","FS"
602,"ghif him king sin","coda","AE->S; IH->F","IH","FS"
1589,"kif hing ghiss nim","coda","AE->S; IH->F","IH","FS"
2580,"ghik ning hif sim","coda","AE->S; IH->F","IH","FS"
2467,"min ghing hif kiss","coda","AE->S; IH->F","IH","FS"
1810,"kig ning mif hiss","coda","AE->S; IH->F","IH","FS"
892,"min kif hiss ghing","coda","AE->S; IH->F","IH","FS"
1562,"min sing kif hig","coda","AE->S; IH->F","IH","FS"
1195,"ghim kiss ning hif","coda","AE->S; IH->F","IH","FS"
2768,"min ghik sing hif","coda","AE->S; IH->F","IH","FS"
1070,"kin hiss ming ghif","coda","AE->S; IH->F","IH","FS"
1212,"miss kif ghin hing","coda","AE->S; IH->F","IH","FS"
938,"hin kif mig sing","coda","AE->S; IH->F","IH","FS"
247,"han fang sag mak","onset","AE->F; IH->S","AE","FS"
2287,"nass mak hag fang","onset","AE->F; IH->S","AE","FS"
926,"han gass fang kam","onset","AE->F; IH->S","AE","FS"
948,"hang gam nass fak","onset","AE->F; IH->S","AE","FS"
1339,"hag nam fass kang","onset","AE->F; IH->S","AE","FS"
1929,"sak mag fang han","onset","AE->F; IH->S","AE","FS"
1460,"kan hag fang sam","onset","AE->F; IH->S","AE","FS"
2916,"nass gam hak fang","onset","AE->F; IH->S","AE","FS"
350,"nang mass fak hag","onset","AE->F; IH->S","AE","FS"
2213,"kam han gass fang","onset","AE->F; IH->S","AE","FS"
273,"hang kag nam fass","onset","AE->F; IH->S","AE","FS"
1487,"gak fam nang hass","onset","AE->F; IH->S","AE","FS"
1107,"fam gang hak nass","onset","AE->F; IH->S","AE","FS"
2859,"mak gang fan hass","onset","AE->F; IH->S","AE","FS"
2048,"nak fang sag ham","onset","AE->F; IH->S","AE","FS"
2070,"hak gan sam fang","onset","AE->F; IH->S","AE","FS"
176,"hang fam gan kass","onset","AE->F; IH->S","AE","FS"
662,"gam fang nass hak","onset","AE->F; IH->S","AE","FS"
539,"gass ham nang fak","onset","AE->F; IH->S","AE","FS"
39,"fang kag nass ham","onset","AE->F; IH->S","AE","FS"
1506,"fang nag ham sak","onset","AE->F; IH->S","AE","FS"
766,"fam kass hang nag","onset","AE->F; IH->S","AE","FS"
151,"mag sak hang fan","onset","AE->F; IH->S","AE","FS"
1789,"sang gam fan hak","onset","AE->F; IH->S","AE","FS"
2457,"gan mang fak hass","onset","AE->F; IH->S","AE","FS"
1608,"fan sak gang ham","onset","AE->F; IH->S","AE","FS"
2554,"fak sam nag hang","onset","AE->F; IH->S","AE","FS"
2427,"mang han fak gass","onset","AE->F; IH->S","AE","FS"
912,"gam sang han fak","onset","AE->F; IH->S","AE","FS"
2673,"sag ham fang nak","onset","AE->F; IH->S","AE","FS"
1422,"sam nag hak fang","onset","AE->F; IH->S","AE","FS"
211,"hag kam fass nang","onset","AE->F; IH->S","AE","FS"
824,"mag kass han fang","onset","AE->F; IH->S","AE","FS"
354,"kang fan mass hag","onset","AE->F; IH->S","AE","FS"
1077,"hak sam gan fang","onset","AE->F; IH->S","AE","FS"
2972,"mak fan gass hang","onset","AE->F; IH->S","AE","FS"
2766,"kass hang fam nag","onset","AE->F; IH->S","AE","FS"
67,"hak fang mag nass","onset","AE->F; IH->S","AE","FS"
762,"fass hang mak nag","onset","AE->F; IH->S","AE","FS"
501,"man kass hag fang","onset","AE->F; IH->S","AE","FS"
983,"sak mag hang fan","onset","AE->F; IH->S","AE","FS"
2771,"gan kang fass ham","onset","AE->F; IH->S","AE","FS"
585,"kass fan gang ham","onset","AE->F; IH->S","AE","FS"
334,"gak fass han mang","onset","AE->F; IH->S","AE","FS"
203,"fam hang nak gass","onset","AE->F; IH->S","AE","FS"
956,"nang sak hag fam","onset","AE->F; IH->S","AE","FS"
2517,"mag sak fang han","onset","AE->F; IH->S","AE","FS"
2001,"hak mang fass gan","onset","AE->F; IH->S","AE","FS"
693,"kass hag fang nam","onset","AE->F; IH->S","AE","FS"
2659,"hag nass fak mang","onset","AE->F; IH->S","AE","FS"
1735,"kag nass fang ham","onset","AE->F; IH->S","AE","FS"
1038,"mag kass fan hang","onset","AE->F; IH->S","AE","FS"
1876,"hag fan mak sang","onset","AE->F; IH->S","AE","FS"
747,"fam san gang hak","onset","AE->F; IH->S","AE","FS"
1068,"sam han fang gak","onset","AE->F; IH->S","AE","FS"
1580,"hak fang san mag","onset","AE->F; IH->S","AE","FS"
649,"kass fang han gam","onset","AE->F; IH->S","AE","FS"
50,"mass nang hag fak","onset","AE->F; IH->S","AE","FS"
685,"ham kan fang sag","onset","AE->F; IH->S","AE","FS"
479,"hang mag nass fak","onset","AE->F; IH->S","AE","FS"
2678,"hang fan mag kass","onset","AE->F; IH->S","AE","FS"
2283,"ham kass fang nag","onset","AE->F; IH->S","AE","FS"
57,"kam fang nass hag","onset","AE->F; IH->S","AE","FS"
1448,"mag han sang fak","onset","AE->F; IH->S","AE","FS"
1776,"sag fam nak hang","onset","AE->F; IH->S","AE","FS"
1768,"fam hang san kag","onset","AE->F; IH->S","AE","FS"
2890,"sag hang fak nam","onset","AE->F; IH->S","AE","FS"
2270,"gang hak fam nass","onset","AE->F; IH->S","AE","FS"
902,"nam fang hass gak","onset","AE->F; IH->S","AE","FS"
1249,"fam hass kan gang","onset","AE->F; IH->S","AE","FS"
1231,"sak nag ham fang","onset","AE->F; IH->S","AE","FS"
2207,"fan hang mass gak","onset","AE->F; IH->S","AE","FS"
859,"kass fang hag nam","onset","AE->F; IH->S","AE","FS"
489,"san ham gang fak","onset","AE->F; IH->S","AE","FS"
343,"hag kan mass fang","onset","AE->F; IH->S","AE","FS"
506,"fang sak mag han","onset","AE->F; IH->S","AE","FS"
101,"fak gass hang nam","onset","AE->F; IH->S","AE","FS"
945,"hang kam sag fan","onset","AE->F; IH->S","AE","FS"
1232,"nam fang sag hak","onset","AE->F; IH->S","AE","FS"
2919,"fan sak hang mag","onset","AE->F; IH->S","AE","FS"
363,"nam kag hass fang","onset","AE->F; IH->S","AE","FS"
2438,"mak gang fass han","onset","AE->F; IH->S","AE","FS"
2728,"hass kang gam fan","onset","AE->F; IH->S","AE","FS"
144,"sang gan fam hak","onset","AE->F; IH->S","AE","FS"
1296,"hag man sak fang","onset","AE->F; IH->S","AE","FS"
1505,"kam hang fass nag","onset","AE->F; IH->S","AE","FS"
381,"sam gan hak fang","onset","AE->F; IH->S","AE","FS"
1931,"fam sang hag kan","onset","AE->F; IH->S","AE","FS"
333,"han sang gak fam","onset","AE->F; IH->S","AE","FS"
1642,"mass fang gak han","onset","AE->F; IH->S","AE","FS"
225,"sak fan ham gang","onset","AE->F; IH->S","AE","FS"
579,"mang hass fan gak","onset","AE->F; IH->S","AE","FS"
468,"hak nang gam fass","onset","AE->F; IH->S","AE","FS"
2424,"hak gan mass fang","onset","AE->F; IH->S","AE","FS"
1693,"han fang kag sam","onset","AE->F; IH->S","AE","FS"
121,"hass man fak gang","onset","AE->F; IH->S","AE","FS"
1949,"hif kim sing ghin","onset","AE->F; IH->S","IH","FS"
228,"hif sin ming ghik","onset","AE->F; IH->S","IH","FS"
1035,"fing hin sig kim","onset","AE->F; IH->S","IH","FS"
2225,"ghing mik sin hif","onset","AE->F; IH->S","IH","FS"
1532,"sim hing kin ghif","onset","AE->F; IH->S","IH","FS"
135,"mik sig fing hin","onset","AE->F; IH->S","IH","FS"
842,"mig sin hing fik","onset","AE->F; IH->S","IH","FS"
1352,"sing hig mif kin","onset","AE->F; IH->S","IH","FS"
3048,"ghing sim hik nif","onset","AE->F; IH->S","IH","FS"
2321,"sing hif mik ghin","onset","AE->F; IH->S","IH","FS"
1245,"hing fik sim ghin","onset","AE->F; IH->S","IH","FS"
1809,"hig sim kif ning","onset","AE->F; IH->S","IH","FS"
2273,"fing sin hik mig","onset","AE->F; IH->S","IH","FS"
1455,"min hing kif sig","onset","AE->F; IH->S","IH","FS"
624,"fim sing hik ghin","onset","AE->F; IH->S","IH","FS"
3017,"ghik fin him sing","onset","AE->F; IH->S","IH","FS"
676,"nim king sif hig","onset","AE->F; IH->S","IH","FS"
2717,"him ghing sif nik","onset","AE->F; IH->S","IH","FS"
502,"nim hing sig kif","onset","AE->F; IH->S","IH","FS"
1573,"ghing hik sif nim","onset","AE->F; IH->S","IH","FS"
1513,"hing sif ghim kin","onset","AE->F; IH->S","IH","FS"
2324,"kim hig fing sin","onset","AE->F; IH->S","IH","FS"
2016,"kin sig hif ming","onset","AE->F; IH->S","IH","FS"
1639,"hif king sin mig","onset","AE->F; IH->S","IH","FS"
1612,"hif sik ming ghin","onset","AE->F; IH->S","IH","FS"
2882,"min fig hing sik","onset","AE->F; IH->S","IH","FS"
2085,"sif hin king ghim","onset","AE->F; IH->S","IH","FS"
1826,"min sif hik ghing","onset","AE->F; IH->S","IH","FS"
2936,"hin mig sing kif","onset","AE->F; IH->S","IH","FS"
1383,"hin ming sif kig","onset","AE->F; IH->S","IH","FS"
2764,"hin sing kim fig","onset","AE->F; IH->S","IH","FS"
603,"hig sing fik nim","onset","AE->F; IH->S","IH","FS"
27,"hif sim ning kig","onset","AE->F; IH->S","IH","FS"
2491,"ghim fik sin hing","onset","AE->F; IH->S","IH","FS"
1990,"hing fim sig kin","onset","AE->F; IH->S","IH","FS"
873,"sim hif nik ghing","onset","AE->F; IH->S","IH","FS"
2390,"mik ghif sin hing","onset","AE->F; IH->S","IH","FS"
1044,"sig him nif king","onset","AE->F; IH->S","IH","FS"
1517,"sim kif ning hig","onset","AE->F; IH->S","IH","FS"
1864,"hif kin sig ming","onset","AE->F; IH->S","IH","FS"
1583,"kin him ghing sif","onset","AE->F; IH->S","IH","FS"
528,"sik ming fig hin","onset","AE->F; IH->S","IH","FS"
1424,"king hig min sif","onset","AE->F; IH->S","IH","FS"
1369,"kim fing sin hig","onset","AE->F; IH->S","IH","FS"
558,"min hing sif ghik","onset","AE->F; IH->S","IH","FS"
450,"mig sik fing hin","onset","AE->F; IH->S","IH","FS"
462,"sig fing hik nim","onset","AE->F; IH->S","IH","FS"
1893,"sing him fin ghik","onset","AE->F; IH->S","IH","FS"
73,"fim sik ghin hing","onset","AE->F; IH->S","IH","FS"
365,"nik mif sing hig","onset","AE->F; IH->S","IH","FS"
619,"sif hig ming nik","onset","AE->F; IH->S","IH","FS"
433,"hin sing mik ghif","onset","AE->F; IH->S","IH","FS"
1463,"him fing sin kig","onset","AE->F; IH->S","IH","FS"
2383,"kin sing him ghif","onset","AE->F; IH->S","IH","FS"
2960,"ghim fin hik sing","onset","AE->F; IH->S","IH","FS"
1924,"hig fin sim king","onset","AE->F; IH->S","IH","FS"
1741,"hig kif nim sing","onset","AE->F; IH->S","IH","FS"
2416,"sig fing hin kim","onset","AE->F; IH->S","IH","FS"
1368,"him fing kin sig","onset","AE->F; IH->S","IH","FS"
1370,"hik ghing sif min","onset","AE->F; IH->S","IH","FS"
1488,"kim sif ghin hing","onset","AE->F; IH->S","IH","FS"
1153,"nif hik ghim sing","onset","AE->F; IH->S","IH","FS"
1672,"fing sig min hik","onset","AE->F; IH->S","IH","FS"
2006,"kig sim fing hin","onset","AE->F; IH->S","IH","FS"
2594,"kif hing sin mig","onset","AE->F; IH->S","IH","FS"
2496,"sig mif hik ning","onset","AE->F; IH->S","IH","FS"
719,"hin king sif mig","onset","AE->F; IH->S","IH","FS"
2447,"fing nik hig sim","onset","AE->F; IH->S","IH","FS"
1538,"nik hing ghim sif","onset","AE->F; IH->S","IH","FS"
2661,"kim fig sin hing","onset","AE->F; IH->S","IH","FS"
2952,"kin hif ghim sing","onset","AE->F; IH->S","IH","FS"
2315,"hing ghim sif nik","onset","AE->F; IH->S","IH","FS"
23,"fin him ghing sik","onset","AE->F; IH->S","IH","FS"
345,"min ghik hing sif","onset","AE->F; IH->S","IH","FS"
2816,"hin sig kim fing","onset","AE->F; IH->S","IH","FS"
1120,"kin ghif him sing","onset","AE->F; IH->S","IH","FS"
1978,"sing kim hin ghif","onset","AE->F; IH->S","IH","FS"
139,"hig sim fik ning","onset","AE->F; IH->S","IH","FS"
1869,"kig sing hin mif","onset","AE->F; IH->S","IH","FS"
2964,"sif him nik ghing","onset","AE->F; IH->S","IH","FS"
1331,"king sif ghim hin","onset","AE->F; IH->S","IH","FS"
359,"fin kig him sing","onset","AE->F; IH->S","IH","FS"
732,"mig sif nik hing","onset","AE->F; IH->S","IH","FS"
1877,"sik ghim hin fing","onset","AE->F; IH->S","IH","FS"
1861,"sik hin ghing fim","onset","AE->F; IH->S","IH","FS"
688,"hig sif ming kin","onset","AE->F; IH->S","IH","FS"
763,"him ghing fin sik","onset","AE->F; IH->S","IH","FS"
2856,"sim hing ghin fik","onset","AE->F; IH->S","IH","FS"
1135,"sing nik fim hig","onset","AE->F; IH->S","IH","FS"
1644,"sik hing min ghif","onset","AE->F; IH->S","IH","FS"
466,"hin sik ghing fim","onset","AE->F; IH->S","IH","FS"
2786,"kif ghing hin sim","onset","AE->F; IH->S","IH","FS"
393,"hin king sim fig","onset","AE->F; IH->S","IH","FS"
960,"sig hing mif nik","onset","AE->F; IH->S","IH","FS"
3038,"king ghin sif him","onset","AE->F; IH->S","IH","FS"
477,"sim hif king ghin","onset","AE->F; IH->S","IH","FS"
2842,"kam van hag zang","onset","AE->F; IH->S","AE","VZ"
1003,"vang han kam zag","onset","AE->F; IH->S","AE","VZ"
1268,"kan vaz hag mang","onset","AE->F; IH->S","AE","VZ"
2542,"vang han gaz kam","onset","AE->F; IH->S","AE","VZ"
2459,"nak zag ham vang","onset","AE->F; IH->S","AE","VZ"
513,"gaz mang hak van","onset","AE->F; IH->S","AE","VZ"
2698,"hak vaz gang nam","onset","AE->F; IH->S","AE","VZ"
655,"hag kang zam van","onset","AE->F; IH->S","AE","VZ"
2237,"hag man zak vang","onset","AE->F; IH->S","AE","VZ"
434,"hang kam vaz nag","onset","AE->F; IH->S","AE","VZ"
1472,"man haz vak gang","onset","AE->F; IH->S","AE","VZ"
557,"vak ham nag zang","onset","AE->F; IH->S","AE","VZ"
2109,"gang van hak zam","onset","AE->F; IH->S","AE","VZ"
2284,"kag vang ham naz","onset","AE->F; IH->S","AE","VZ"
298,"han vang zam kag","onset","AE->F; IH->S","AE","VZ"
2260,"nag vaz hang mak","onset","AE->F; IH->S","AE","VZ"
1005,"vang maz hag nak","onset","AE->F; IH->S","AE","VZ"
1220,"vaz hang gam nak","onset","AE->F; IH->S","AE","VZ"
843,"hak nam vang zag","onset","AE->F; IH->S","AE","VZ"
2300,"zan vang hag kam","onset","AE->F; IH->S","AE","VZ"
45,"gam hang zak van","onset","AE->F; IH->S","AE","VZ"
1747,"zang kag ham van","onset","AE->F; IH->S","AE","VZ"
1981,"maz hak gang van","onset","AE->F; IH->S","AE","VZ"
952,"vak zag ham nang","onset","AE->F; IH->S","AE","VZ"
628,"hak nag maz vang","onset","AE->F; IH->S","AE","VZ"
1806,"gan hang vam zak","onset","AE->F; IH->S","AE","VZ"
2520,"gan mak hang vaz","onset","AE->F; IH->S","AE","VZ"
1056,"vaz hang gak man","onset","AE->F; IH->S","AE","VZ"
2230,"nang ham vak gaz","onset","AE->F; IH->S","AE","VZ"
811,"vaz mang kan hag","onset","AE->F; IH->S","AE","VZ"
950,"han vaz mak gang","onset","AE->F; IH->S","AE","VZ"
326,"kang zag vam han","onset","AE->F; IH->S","AE","VZ"
2094,"nak vaz hag mang","onset","AE->F; IH->S","AE","VZ"
2881,"kang van hag zam","onset","AE->F; IH->S","AE","VZ"
1797,"mak han vang gaz","onset","AE->F; IH->S","AE","VZ"
755,"zang man vak hag","onset","AE->F; IH->S","AE","VZ"
1437,"han gak vaz mang","onset","AE->F; IH->S","AE","VZ"
2699,"hang mag zak van","onset","AE->F; IH->S","AE","VZ"
2264,"vak gam zan hang","onset","AE->F; IH->S","AE","VZ"
160,"haz mang gak van","onset","AE->F; IH->S","AE","VZ"
1514,"hang gak vam zan","onset","AE->F; IH->S","AE","VZ"
1788,"zam kang hag van","onset","AE->F; IH->S","AE","VZ"
2102,"han vak mang zag","onset","AE->F; IH->S","AE","VZ"
2663,"hang kam zag van","onset","AE->F; IH->S","AE","VZ"
2831,"kang hag vam zan","onset","AE->F; IH->S","AE","VZ"
188,"mang han vak zag","onset","AE->F; IH->S","AE","VZ"
1193,"kang vam nag haz","onset","AE->F; IH->S","AE","VZ"
1086,"zan ham vak gang","onset","AE->F; IH->S","AE","VZ"
1778,"nag zam vak hang","onset","AE->F; IH->S","AE","VZ"
876,"hang van mag zak","onset","AE->F; IH->S","AE","VZ"
1257,"vang nag ham kaz","onset","AE->F; IH->S","AE","VZ"
2702,"kang han gam vaz","onset","AE->F; IH->S","AE","VZ"
703,"zag han mak vang","onset","AE->F; IH->S","AE","VZ"
2490,"hang gaz van mak","onset","AE->F; IH->S","AE","VZ"
44,"nang vaz kam hag","onset","AE->F; IH->S","AE","VZ"
443,"gam naz vang hak","onset","AE->F; IH->S","AE","VZ"
2285,"hang gaz vam nak","onset","AE->F; IH->S","AE","VZ"
2103,"mang hak zag van","onset","AE->F; IH->S","AE","VZ"
2962,"ham kan gang vaz","onset","AE->F; IH->S","AE","VZ"
1207,"zang hak gan vam","onset","AE->F; IH->S","AE","VZ"
1088,"vak haz gan mang","onset","AE->F; IH->S","AE","VZ"
3054,"hang zak vam nag","onset","AE->F; IH->S","AE","VZ"
1167,"hang gam nak vaz","onset","AE->F; IH->S","AE","VZ"
612,"ham nang gaz vak","onset","AE->F; IH->S","AE","VZ"
2809,"mang vaz hag nak","onset","AE->F; IH->S","AE","VZ"
93,"kan ham gaz vang","onset","AE->F; IH->S","AE","VZ"
2206,"zak vam gang han","onset","AE->F; IH->S","AE","VZ"
3063,"ham gang vak zan","onset","AE->F; IH->S","AE","VZ"
777,"hang vak maz gan","onset","AE->F; IH->S","AE","VZ"
856,"naz vang gak ham","onset","AE->F; IH->S","AE","VZ"
2229,"hang zam van kag","onset","AE->F; IH->S","AE","VZ"
957,"zam hak vang gan","onset","AE->F; IH->S","AE","VZ"
2734,"van kang hag zam","onset","AE->F; IH->S","AE","VZ"
816,"van maz kang hag","onset","AE->F; IH->S","AE","VZ"
550,"kaz nang hag vam","onset","AE->F; IH->S","AE","VZ"
20,"vaz gang ham kan","onset","AE->F; IH->S","AE","VZ"
1490,"kang gam han vaz","onset","AE->F; IH->S","AE","VZ"
1567,"haz vang nak mag","onset","AE->F; IH->S","AE","VZ"
852,"hak vang gam zan","onset","AE->F; IH->S","AE","VZ"
2546,"zak hang nag vam","onset","AE->F; IH->S","AE","VZ"
1536,"han zag mang vak","onset","AE->F; IH->S","AE","VZ"
1524,"mag haz kang van","onset","AE->F; IH->S","AE","VZ"
2570,"kang van maz hag","onset","AE->F; IH->S","AE","VZ"
114,"han zang vam gak","onset","AE->F; IH->S","AE","VZ"
1138,"vam nang hag zak","onset","AE->F; IH->S","AE","VZ"
728,"vam han kang gaz","onset","AE->F; IH->S","AE","VZ"
2888,"ham kang vaz gan","onset","AE->F; IH->S","AE","VZ"
1400,"gang ham vaz kan","onset","AE->F; IH->S","AE","VZ"
1128,"nam haz gak vang","onset","AE->F; IH->S","AE","VZ"
1936,"mak hag vang zan","onset","AE->F; IH->S","AE","VZ"
2658,"nak ham gang vaz","onset","AE->F; IH->S","AE","VZ"
981,"han kag zam vang","onset","AE->F; IH->S","AE","VZ"
103,"vaz man kag hang","onset","AE->F; IH->S","AE","VZ"
636,"hang vaz nak mag","onset","AE->F; IH->S","AE","VZ"
1582,"kag zang van ham","onset","AE->F; IH->S","AE","VZ"
2931,"nag hang kam vaz","onset","AE->F; IH->S","AE","VZ"
1108,"ghim hin ziv king","onset","AE->F; IH->S","IH","VZ"
1218,"zim nik hing vig","onset","AE->F; IH->S","IH","VZ"
1384,"hik zin vim ghing","onset","AE->F; IH->S","IH","VZ"
152,"hik vim ghin zing","onset","AE->F; IH->S","IH","VZ"
2477,"niv him zing ghik","onset","AE->F; IH->S","IH","VZ"
1285,"hik zig vin ming","onset","AE->F; IH->S","IH","VZ"
416,"hin ziv ghing kim","onset","AE->F; IH->S","IH","VZ"
1305,"hing ziv ghim nik","onset","AE->F; IH->S","IH","VZ"
17,"hiv ning zim ghik","onset","AE->F; IH->S","IH","VZ"
2943,"hik ghiv zing min","onset","AE->F; IH->S","IH","VZ"
315,"nik hiv zim ghing","onset","AE->F; IH->S","IH","VZ"
785,"vig min zing hik","onset","AE->F; IH->S","IH","VZ"
2585,"zin ghing him kiv","onset","AE->F; IH->S","IH","VZ"
733,"hin miv zing kig","onset","AE->F; IH->S","IH","VZ"
369,"nim hiv ghik zing","onset","AE->F; IH->S","IH","VZ"
1408,"king zim vin hig","onset","AE->F; IH->S","IH","VZ"
2925,"ziv nik hig ming","onset","AE->F; IH->S","IH","VZ"
2837,"zing hin mig kiv","onset","AE->F; IH->S","IH","VZ"
705,"kim vig hing zin","onset","AE->F; IH->S","IH","VZ"
379,"ving kig him zin","onset","AE->F; IH->S","IH","VZ"
2194,"min king zig hiv","onset","AE->F; IH->S","IH","VZ"
924,"nik zig hing miv","onset","AE->F; IH->S","IH","VZ"
2165,"king ziv nim hig","onset","AE->F; IH->S","IH","VZ"
2210,"kiv hing zig nim","onset","AE->F; IH->S","IH","VZ"
2668,"king hin ziv mig","onset","AE->F; IH->S","IH","VZ"
548,"hing mig ziv nik","onset","AE->F; IH->S","IH","VZ"
2333,"vin hik zing ghim","onset","AE->F; IH->S","IH","VZ"
2901,"miv hig zing kin","onset","AE->F; IH->S","IH","VZ"
2111,"vim zig kin hing","onset","AE->F; IH->S","IH","VZ"
2777,"mig ziv hin king","onset","AE->F; IH->S","IH","VZ"
862,"ming hig niv zik","onset","AE->F; IH->S","IH","VZ"
971,"ziv him kin ghing","onset","AE->F; IH->S","IH","VZ"
1210,"hik ghing zim vin","onset","AE->F; IH->S","IH","VZ"
127,"kim hiv ghing zin","onset","AE->F; IH->S","IH","VZ"
1125,"ghin miv zik hing","onset","AE->F; IH->S","IH","VZ"
1213,"nik hing vig zim","onset","AE->F; IH->S","IH","VZ"
2573,"king ghiv zin him","onset","AE->F; IH->S","IH","VZ"
366,"ning hiv zik ghim","onset","AE->F; IH->S","IH","VZ"
812,"vin zik ghim hing","onset","AE->F; IH->S","IH","VZ"
1903,"kin vig zing him","onset","AE->F; IH->S","IH","VZ"
1724,"zing vin him ghik","onset","AE->F; IH->S","IH","VZ"
2392,"zig kiv ning him","onset","AE->F; IH->S","IH","VZ"
99,"ming ghiv hik zin","onset","AE->F; IH->S","IH","VZ"
1008,"hig ziv king min","onset","AE->F; IH->S","IH","VZ"
3005,"miv zik ning hig","onset","AE->F; IH->S","IH","VZ"
2274,"him ziv king ghin","onset","AE->F; IH->S","IH","VZ"
1909,"hig zin ving kim","onset","AE->F; IH->S","IH","VZ"
405,"mig ning hik ziv","onset","AE->F; IH->S","IH","VZ"
3037,"vim zig king hin","onset","AE->F; IH->S","IH","VZ"
61,"zik vim ghing hin","onset","AE->F; IH->S","IH","VZ"
2544,"mig hing kiv zin","onset","AE->F; IH->S","IH","VZ"
3046,"zing vim ghin hik","onset","AE->F; IH->S","IH","VZ"
1609,"him kiv ning zig","onset","AE->F; IH->S","IH","VZ"
1773,"ziv ghim hing kin","onset","AE->F; IH->S","IH","VZ"
2177,"hik ning ziv ghim","onset","AE->F; IH->S","IH","VZ"
581,"hig kiv zin ming","onset","AE->F; IH->S","IH","VZ"
310,"zing vik nim hig","onset","AE->F; IH->S","IH","VZ"
1362,"ghiv hing zim nik","onset","AE->F; IH->S","IH","VZ"
623,"zik him ghing niv","onset","AE->F; IH->S","IH","VZ"
62,"hig ziv ning kim","onset","AE->F; IH->S","IH","VZ"
2155,"zik vig hing min","onset","AE->F; IH->S","IH","VZ"
219,"hing zig kim niv","onset","AE->F; IH->S","IH","VZ"
3064,"ghik him ving zin","onset","AE->F; IH->S","IH","VZ"
1775,"hig vim zik ning","onset","AE->F; IH->S","IH","VZ"
1687,"zin mig hiv king","onset","AE->F; IH->S","IH","VZ"
2432,"kiv min zig hing","onset","AE->F; IH->S","IH","VZ"
302,"hiv ghing mik zin","onset","AE->F; IH->S","IH","VZ"
2101,"mik zig hiv ning","onset","AE->F; IH->S","IH","VZ"
1691,"ming hiv zin ghik","onset","AE->F; IH->S","IH","VZ"
2504,"vig min hik zing","onset","AE->F; IH->S","IH","VZ"
1302,"ming zin hiv kig","onset","AE->F; IH->S","IH","VZ"
2543,"him ning ziv kig","onset","AE->F; IH->S","IH","VZ"
1293,"zim ning hik vig","onset","AE->F; IH->S","IH","VZ"
2014,"hig zing vik min","onset","AE->F; IH->S","IH","VZ"
123,"hing min ziv kig","onset","AE->F; IH->S","IH","VZ"
449,"vin zig hik ming","onset","AE->F; IH->S","IH","VZ"
1279,"vig zik hing nim","onset","AE->F; IH->S","IH","VZ"
3052,"zing vik hig nim","onset","AE->F; IH->S","IH","VZ"
2057,"mig nik hiv zing","onset","AE->F; IH->S","IH","VZ"
1783,"king hig ziv min","onset","AE->F; IH->S","IH","VZ"
2272,"hig ving kin zim","onset","AE->F; IH->S","IH","VZ"
1922,"ghim hiv zin king","onset","AE->F; IH->S","IH","VZ"
1309,"zik hin miv ghing","onset","AE->F; IH->S","IH","VZ"
373,"hin zing mig vik","onset","AE->F; IH->S","IH","VZ"
267,"ving zik hin mig","onset","AE->F; IH->S","IH","VZ"
1663,"hin vig king zim","onset","AE->F; IH->S","IH","VZ"
2643,"zig hiv min king","onset","AE->F; IH->S","IH","VZ"
2413,"hin zik ving ghim","onset","AE->F; IH->S","IH","VZ"
829,"nik hing vim zig","onset","AE->F; IH->S","IH","VZ"
2725,"zin vim ghing hik","onset","AE->F; IH->S","IH","VZ"
19,"vin zing hig mik","onset","AE->F; IH->S","IH","VZ"
2538,"miv hig zing nik","onset","AE->F; IH->S","IH","VZ"
1551,"ziv hing ghin mik","onset","AE->F; IH->S","IH","VZ"
2798,"zim hing vig kin","onset","AE->F; IH->S","IH","VZ"
410,"zin miv ghing hik","onset","AE->F; IH->S","IH","VZ"
2083,"ning vig hik zim","onset","AE->F; IH->S","IH","VZ"
1251,"nag hang saf kam","onset","AE->S; IH->F","AE","FS"
2259,"saf gang ham kan","onset","AE->S; IH->F","AE","FS"
175,"gan ham kang saf","onset","AE->S; IH->F","AE","FS"
2078,"sam gaf hak nang","onset","AE->S; IH->F","AE","FS"
969,"gam naf sak hang","onset","AE->S; IH->F","AE","FS"
1728,"gam sang hak naf","onset","AE->S; IH->F","AE","FS"
606,"hag sam kang naf","onset","AE->S; IH->F","AE","FS"
1112,"gam nak sang haf","onset","AE->S; IH->F","AE","FS"
415,"fang mag san hak","onset","AE->S; IH->F","AE","FS"
936,"nag saf hak mang","onset","AE->S; IH->F","AE","FS"
457,"mang sak gan haf","onset","AE->S; IH->F","AE","FS"
1548,"nak sag fam hang","onset","AE->S; IH->F","AE","FS"
2309,"hag san kaf mang","onset","AE->S; IH->F","AE","FS"
724,"hang kan gam saf","onset","AE->S; IH->F","AE","FS"
2011,"fan sam hang kag","onset","AE->S; IH->F","AE","FS"
2818,"sam naf kag hang","onset","AE->S; IH->F","AE","FS"
2727,"nak gaf sam hang","onset","AE->S; IH->F","AE","FS"
2286,"hag kaf sang nam","onset","AE->S; IH->F","AE","FS"
2138,"saf kan hang mag","onset","AE->S; IH->F","AE","FS"
2531,"san fak hang mag","onset","AE->S; IH->F","AE","FS"
2867,"san kang haf gam","onset","AE->S; IH->F","AE","FS"
1563,"sag naf ham kang","onset","AE->S; IH->F","AE","FS"
2113,"gang saf hak nam","onset","AE->S; IH->F","AE","FS"
2533,"fan gak sam hang","onset","AE->S; IH->F","AE","FS"
574,"haf sam nang gak","onset","AE->S; IH->F","AE","FS"
2883,"naf kang ham sag","onset","AE->S; IH->F","AE","FS"
2590,"mak saf nang hag","onset","AE->S; IH->F","AE","FS"
1020,"hag kang maf san","onset","AE->S; IH->F","AE","FS"
2983,"gam sang haf nak","onset","AE->S; IH->F","AE","FS"
2986,"mag naf hak sang","onset","AE->S; IH->F","AE","FS"
1598,"sang kam gan haf","onset","AE->S; IH->F","AE","FS"
611,"fam hag sang nak","onset","AE->S; IH->F","AE","FS"
485,"man hang fak sag","onset","AE->S; IH->F","AE","FS"
1695,"kan haf sag mang","onset","AE->S; IH->F","AE","FS"
1401,"gak hang maf san","onset","AE->S; IH->F","AE","FS"
2592,"fak san mang hag","onset","AE->S; IH->F","AE","FS"
1796,"fak sag nam hang","onset","AE->S; IH->F","AE","FS"
2170,"sang gam nak haf","onset","AE->S; IH->F","AE","FS"
2317,"gang han sam kaf","onset","AE->S; IH->F","AE","FS"
164,"gaf hang mak san","onset","AE->S; IH->F","AE","FS"
1730,"hang kag fan sam","onset","AE->S; IH->F","AE","FS"
2189,"fak san hang mag","onset","AE->S; IH->F","AE","FS"
1304,"hak nag fang sam","onset","AE->S; IH->F","AE","FS"
737,"sag man fang hak","onset","AE->S; IH->F","AE","FS"
2510,"gak san ham fang","onset","AE->S; IH->F","AE","FS"
2545,"haf sam gan kang","onset","AE->S; IH->F","AE","FS"
578,"mang nag sak haf","onset","AE->S; IH->F","AE","FS"
3032,"sag fam nang hak","onset","AE->S; IH->F","AE","FS"
1653,"maf sag nak hang","onset","AE->S; IH->F","AE","FS"
1155,"man sag haf kang","onset","AE->S; IH->F","AE","FS"
3051,"kam san haf gang","onset","AE->S; IH->F","AE","FS"
189,"fak sang hag man","onset","AE->S; IH->F","AE","FS"
2005,"haf sang gan kam","onset","AE->S; IH->F","AE","FS"
2336,"gam haf kan sang","onset","AE->S; IH->F","AE","FS"
1099,"sang mag han kaf","onset","AE->S; IH->F","AE","FS"
1300,"mang hag kaf san","onset","AE->S; IH->F","AE","FS"
1740,"mag han sak fang","onset","AE->S; IH->F","AE","FS"
928,"hang nak gam saf","onset","AE->S; IH->F","AE","FS"
2435,"gak naf ham sang","onset","AE->S; IH->F","AE","FS"
759,"saf hang nam gak","onset","AE->S; IH->F","AE","FS"
658,"gang ham nak saf","onset","AE->S; IH->F","AE","FS"
340,"san fang gak ham","onset","AE->S; IH->F","AE","FS"
83,"sang mak naf hag","onset","AE->S; IH->F","AE","FS"
233,"sak han fang gam","onset","AE->S; IH->F","AE","FS"
2979,"hang sam kan gaf","onset","AE->S; IH->F","AE","FS"
989,"san kang gam haf","onset","AE->S; IH->F","AE","FS"
82,"hag maf kang san","onset","AE->S; IH->F","AE","FS"
2821,"sang naf hag kam","onset","AE->S; IH->F","AE","FS"
2548,"gam san fak hang","onset","AE->S; IH->F","AE","FS"
917,"hang saf kam nag","onset","AE->S; IH->F","AE","FS"
1599,"mang han sak gaf","onset","AE->S; IH->F","AE","FS"
2305,"hak fang sag man","onset","AE->S; IH->F","AE","FS"
663,"sag han kang maf","onset","AE->S; IH->F","AE","FS"
1007,"han kam sang gaf","onset","AE->S; IH->F","AE","FS"
2471,"mang fak hag san","onset","AE->S; IH->F","AE","FS"
2669,"kang hag san maf","onset","AE->S; IH->F","AE","FS"
2128,"mak haf nang sag","onset","AE->S; IH->F","AE","FS"
1276,"hang gam nak saf","onset","AE->S; IH->F","AE","FS"
2926,"fang hag sak nam","onset","AE->S; IH->F","AE","FS"
1764,"sang hag kam naf","onset","AE->S; IH->F","AE","FS"
2345,"maf kag han sang","onset","AE->S; IH->F","AE","FS"
1892,"saf hak mang gan","onset","AE->S; IH->F","AE","FS"
390,"sang gaf hak man","onset","AE->S; IH->F","AE","FS"
1743,"sang han maf gak","onset","AE->S; IH->F","AE","FS"
2839,"maf han gang sak","onset","AE->S; IH->F","AE","FS"
2999,"kan ham sang gaf","onset","AE->S; IH->F","AE","FS"
3001,"kam sang hag naf","onset","AE->S; IH->F","AE","FS"
858,"nak hang maf sag","onset","AE->S; IH->F","AE","FS"
2811,"hang mak san gaf","onset","AE->S; IH->F","AE","FS"
1503,"fang sam nak hag","onset","AE->S; IH->F","AE","FS"
1411,"nang gaf sak ham","onset","AE->S; IH->F","AE","FS"
1585,"mang nag hak saf","onset","AE->S; IH->F","AE","FS"
1282,"sang han gaf mak","onset","AE->S; IH->F","AE","FS"
341,"maf san gang hak","onset","AE->S; IH->F","AE","FS"
158,"hang fam gan sak","onset","AE->S; IH->F","AE","FS"
955,"ham san fak gang","onset","AE->S; IH->F","AE","FS"
2450,"hiss fig ning mik","onset","AE->S; IH->F","IH","FS"
1803,"him sig ning fik","onset","AE->S; IH->F","IH","FS"
1033,"fim ghin kiss hing","onset","AE->S; IH->F","IH","FS"
1951,"ghing him fiss kin","onset","AE->S; IH->F","IH","FS"
942,"hiss mig fin king","onset","AE->S; IH->F","IH","FS"
1991,"nik fig hing sim","onset","AE->S; IH->F","IH","FS"
42,"ghin fiss mik hing","onset","AE->S; IH->F","IH","FS"
2889,"sik ming hin fig","onset","AE->S; IH->F","IH","FS"
76,"ghim king fiss hin","onset","AE->S; IH->F","IH","FS"
290,"fing kim niss hig","onset","AE->S; IH->F","IH","FS"
2720,"fiss mik hig ning","onset","AE->S; IH->F","IH","FS"
10,"fing hin sig kim","onset","AE->S; IH->F","IH","FS"
1817,"ghing kim fiss hin","onset","AE->S; IH->F","IH","FS"
1667,"fing kin sim hig","onset","AE->S; IH->F","IH","FS"
562,"miss hing ghin fik","onset","AE->S; IH->F","IH","FS"
2428,"fing mig kiss hin","onset","AE->S; IH->F","IH","FS"
2448,"ghin hing sim fik","onset","AE->S; IH->F","IH","FS"
2758,"fim ning kiss hig","onset","AE->S; IH->F","IH","FS"
1834,"hiss fik min ghing","onset","AE->S; IH->F","IH","FS"
2137,"ghik hin sing fim","onset","AE->S; IH->F","IH","FS"
695,"fing ghim nik hiss","onset","AE->S; IH->F","IH","FS"
1972,"mik sing fig hin","onset","AE->S; IH->F","IH","FS"
2062,"him fik sing ghin","onset","AE->S; IH->F","IH","FS"
2098,"hig fiss nik ming","onset","AE->S; IH->F","IH","FS"
352,"hin sik mig fing","onset","AE->S; IH->F","IH","FS"
1469,"hig sin kim fing","onset","AE->S; IH->F","IH","FS"
1329,"hik sing ghin fim","onset","AE->S; IH->F","IH","FS"
281,"ghiss him king fin","onset","AE->S; IH->F","IH","FS"
1977,"sing fik nim hig","onset","AE->S; IH->F","IH","FS"
1586,"hik fing sig min","onset","AE->S; IH->F","IH","FS"
124,"fin hig miss king","onset","AE->S; IH->F","IH","FS"
2634,"fim hig king sin","onset","AE->S; IH->F","IH","FS"
931,"hing fik mig niss","onset","AE->S; IH->F","IH","FS"
335,"ning kig him fiss","onset","AE->S; IH->F","IH","FS"
638,"hig ning fiss kim","onset","AE->S; IH->F","IH","FS"
1592,"him ghin fing sik","onset","AE->S; IH->F","IH","FS"
2498,"hiss fing ghik nim","onset","AE->S; IH->F","IH","FS"
1390,"fim kin hing sig","onset","AE->S; IH->F","IH","FS"
1676,"fig mik hing niss","onset","AE->S; IH->F","IH","FS"
1403,"fik hin ghing miss","onset","AE->S; IH->F","IH","FS"
1131,"miss ning hik fig","onset","AE->S; IH->F","IH","FS"
288,"fin ming ghik hiss","onset","AE->S; IH->F","IH","FS"
1664,"hig king nim fiss","onset","AE->S; IH->F","IH","FS"
2982,"fig nik sim hing","onset","AE->S; IH->F","IH","FS"
2749,"fik ning sim hig","onset","AE->S; IH->F","IH","FS"
735,"ghik fiss him ning","onset","AE->S; IH->F","IH","FS"
297,"sig him king fin","onset","AE->S; IH->F","IH","FS"
2144,"fin kig sim hing","onset","AE->S; IH->F","IH","FS"
1545,"sig nik him fing","onset","AE->S; IH->F","IH","FS"
2497,"sik ming hig fin","onset","AE->S; IH->F","IH","FS"
883,"fing nim ghiss hik","onset","AE->S; IH->F","IH","FS"
392,"hin miss fing kig","onset","AE->S; IH->F","IH","FS"
2114,"sing kim hin fig","onset","AE->S; IH->F","IH","FS"
1154,"fin miss ghing hik","onset","AE->S; IH->F","IH","FS"
2453,"hin sim king fig","onset","AE->S; IH->F","IH","FS"
2124,"hin fig sing mik","onset","AE->S; IH->F","IH","FS"
2007,"ghim hin fing kiss","onset","AE->S; IH->F","IH","FS"
1189,"fin kiss ghing him","onset","AE->S; IH->F","IH","FS"
961,"hin mik fig sing","onset","AE->S; IH->F","IH","FS"
1638,"ming kiss fig hin","onset","AE->S; IH->F","IH","FS"
1849,"ghik hin fing sim","onset","AE->S; IH->F","IH","FS"
769,"sing fin mig hik","onset","AE->S; IH->F","IH","FS"
1410,"hik ghin sim fing","onset","AE->S; IH->F","IH","FS"
2262,"hing fik mig sin","onset","AE->S; IH->F","IH","FS"
2107,"hig fik ming sin","onset","AE->S; IH->F","IH","FS"
723,"fing hik ghiss min","onset","AE->S; IH->F","IH","FS"
2552,"fiss kin ghing him","onset","AE->S; IH->F","IH","FS"
2907,"sing fig hin kim","onset","AE->S; IH->F","IH","FS"
2030,"fing hig kim sin","onset","AE->S; IH->F","IH","FS"
1927,"fiss nim ghik hing","onset","AE->S; IH->F","IH","FS"
939,"kin ming fig hiss","onset","AE->S; IH->F","IH","FS"
1431,"fik ghing hin sim","onset","AE->S; IH->F","IH","FS"
1042,"king fin ghim hiss","onset","AE->S; IH->F","IH","FS"
1744,"king hig niss fim","onset","AE->S; IH->F","IH","FS"
2676,"mik sing hin fig","onset","AE->S; IH->F","IH","FS"
143,"hiss mig fing kin","onset","AE->S; IH->F","IH","FS"
2913,"fiss hin ghing kim","onset","AE->S; IH->F","IH","FS"
2844,"fim hin sik ghing","onset","AE->S; IH->F","IH","FS"
1836,"fiss kig hing nim","onset","AE->S; IH->F","IH","FS"
215,"hig fing kin miss","onset","AE->S; IH->F","IH","FS"
153,"sim hin ghing fik","onset","AE->S; IH->F","IH","FS"
1230,"fig hing nik sim","onset","AE->S; IH->F","IH","FS"
71,"fing hiss mig kin","onset","AE->S; IH->F","IH","FS"
150,"fim kiss hig ning","onset","AE->S; IH->F","IH","FS"
263,"ming hik fin sig","onset","AE->S; IH->F","IH","FS"
1104,"fik hiss ghin ming","onset","AE->S; IH->F","IH","FS"
412,"sik fim hig ning","onset","AE->S; IH->F","IH","FS"
915,"fig hing min kiss","onset","AE->S; IH->F","IH","FS"
435,"kig sim fin hing","onset","AE->S; IH->F","IH","FS"
41,"hin king ghim fiss","onset","AE->S; IH->F","IH","FS"
1109,"ghiss hing fim nik","onset","AE->S; IH->F","IH","FS"
2002,"fik ming hin sig","onset","AE->S; IH->F","IH","FS"
2022,"mig fing hik niss","onset","AE->S; IH->F","IH","FS"
2566,"hing miss fik ghin","onset","AE->S; IH->F","IH","FS"
808,"fim hiss kig ning","onset","AE->S; IH->F","IH","FS"
1698,"nim hik sing fig","onset","AE->S; IH->F","IH","FS"
2208,"zang vam hak nag","onset","AE->S; IH->F","AE","VZ"
3035,"zav gan hang mak","onset","AE->S; IH->F","AE","VZ"
1943,"kag zang han vam","onset","AE->S; IH->F","AE","VZ"
1550,"kang nav ham zag","onset","AE->S; IH->F","AE","VZ"
456,"zav kang hag man","onset","AE->S; IH->F","AE","VZ"
2640,"ham nag zang vak","onset","AE->S; IH->F","AE","VZ"
2797,"vam kang zan hag","onset","AE->S; IH->F","AE","VZ"
1837,"nang gak ham zav","onset","AE->S; IH->F","AE","VZ"
2929,"kam zag hav nang","onset","AE->S; IH->F","AE","VZ"
2430,"han zag mang kav","onset","AE->S; IH->F","AE","VZ"
674,"zang nav ham gak","onset","AE->S; IH->F","AE","VZ"
180,"hak zag nav mang","onset","AE->S; IH->F","AE","VZ"
1942,"kag hang vam zan","onset","AE->S; IH->F","AE","VZ"
1584,"nag zam hang vak","onset","AE->S; IH->F","AE","VZ"
1746,"mav hang gan zak","onset","AE->S; IH->F","AE","VZ"
2410,"gang mav zan hak","onset","AE->S; IH->F","AE","VZ"
1785,"hak mang zag nav","onset","AE->S; IH->F","AE","VZ"
2032,"kang gav ham zan","onset","AE->S; IH->F","AE","VZ"
3014,"zak vang han mag","onset","AE->S; IH->F","AE","VZ"
2167,"vak hang zag man","onset","AE->S; IH->F","AE","VZ"
1738,"gam kang hav zan","onset","AE->S; IH->F","AE","VZ"
1233,"mak nag hang zav","onset","AE->S; IH->F","AE","VZ"
2642,"zang hav kag man","onset","AE->S; IH->F","AE","VZ"
2997,"kam gav zan hang","onset","AE->S; IH->F","AE","VZ"
2115,"zang hav mak gan","onset","AE->S; IH->F","AE","VZ"
154,"nak zag ham vang","onset","AE->S; IH->F","AE","VZ"
974,"kang hav zan gam","onset","AE->S; IH->F","AE","VZ"
3061,"nag hav mang zak","onset","AE->S; IH->F","AE","VZ"
384,"zak ham gav nang","onset","AE->S; IH->F","AE","VZ"
2870,"man zang kag hav","onset","AE->S; IH->F","AE","VZ"
1216,"gam hang zan kav","onset","AE->S; IH->F","AE","VZ"
2129,"zam kan hag vang","onset","AE->S; IH->F","AE","VZ"
2526,"zav hang kag man","onset","AE->S; IH->F","AE","VZ"
804,"vak zag hang nam","onset","AE->S; IH->F","AE","VZ"
1188,"hang vak zam gan","onset","AE->S; IH->F","AE","VZ"
1971,"gav kan zam hang","onset","AE->S; IH->F","AE","VZ"
1885,"han kag mav zang","onset","AE->S; IH->F","AE","VZ"
1376,"gang kav zam han","onset","AE->S; IH->F","AE","VZ"
2159,"zag nak vam hang","onset","AE->S; IH->F","AE","VZ"
2948,"mang hag vak zan","onset","AE->S; IH->F","AE","VZ"
2373,"ham kav nag zang","onset","AE->S; IH->F","AE","VZ"
2161,"zang hag mak nav","onset","AE->S; IH->F","AE","VZ"
1686,"vang zam kag han","onset","AE->S; IH->F","AE","VZ"
2525,"gang zak hav nam","onset","AE->S; IH->F","AE","VZ"
2362,"mang zan vak hag","onset","AE->S; IH->F","AE","VZ"
2519,"zag nang ham kav","onset","AE->S; IH->F","AE","VZ"
2422,"nav zang hak gam","onset","AE->S; IH->F","AE","VZ"
2722,"hak zag nam vang","onset","AE->S; IH->F","AE","VZ"
1830,"hag mang nak zav","onset","AE->S; IH->F","AE","VZ"
569,"zang mav hag nak","onset","AE->S; IH->F","AE","VZ"
2612,"kam van hag zang","onset","AE->S; IH->F","AE","VZ"
1860,"mag zang nav hak","onset","AE->S; IH->F","AE","VZ"
31,"hang zav kan mag","onset","AE->S; IH->F","AE","VZ"
1501,"gan vang hak zam","onset","AE->S; IH->F","AE","VZ"
884,"zag kang nam hav","onset","AE->S; IH->F","AE","VZ"
1022,"zam hag nang vak","onset","AE->S; IH->F","AE","VZ"
100,"hav gang nak zam","onset","AE->S; IH->F","AE","VZ"
787,"hang zam vak gan","onset","AE->S; IH->F","AE","VZ"
58,"zan hav mak gang","onset","AE->S; IH->F","AE","VZ"
686,"hang mav zag kan","onset","AE->S; IH->F","AE","VZ"
2307,"hav zang gak man","onset","AE->S; IH->F","AE","VZ"
209,"gam han vang zak","onset","AE->S; IH->F","AE","VZ"
120,"vang hak man zag","onset","AE->S; IH->F","AE","VZ"
2761,"kav han gam zang","onset","AE->S; IH->F","AE","VZ"
1238,"han zam kag vang","onset","AE->S; IH->F","AE","VZ"
2928,"zav nam hak gang","onset","AE->S; IH->F","AE","VZ"
810,"zan gak hang vam","onset","AE->S; IH->F","AE","VZ"
2879,"nag hak zav mang","onset","AE->S; IH->F","AE","VZ"
421,"ham van zak gang","onset","AE->S; IH->F","AE","VZ"
2649,"zam gan hav kang","onset","AE->S; IH->F","AE","VZ"
1734,"hag zav mak nang","onset","AE->S; IH->F","AE","VZ"
2807,"zag mav han kang","onset","AE->S; IH->F","AE","VZ"
142,"vang nam zag hak","onset","AE->S; IH->F","AE","VZ"
1974,"nav zang hak mag","onset","AE->S; IH->F","AE","VZ"
551,"hag vang kan zam","onset","AE->S; IH->F","AE","VZ"
1749,"vang hak zag man","onset","AE->S; IH->F","AE","VZ"
535,"kav gang han zam","onset","AE->S; IH->F","AE","VZ"
1702,"hang van gam zak","onset","AE->S; IH->F","AE","VZ"
1089,"kav zang man hag","onset","AE->S; IH->F","AE","VZ"
1048,"van hak zang gam","onset","AE->S; IH->F","AE","VZ"
2255,"ham zang nav kag","onset","AE->S; IH->F","AE","VZ"
264,"hang vam kag zan","onset","AE->S; IH->F","AE","VZ"
2010,"gak hav zang nam","onset","AE->S; IH->F","AE","VZ"
1026,"kag zang hav man","onset","AE->S; IH->F","AE","VZ"
3062,"mag hak zav nang","onset","AE->S; IH->F","AE","VZ"
1039,"gang ham vak zan","onset","AE->S; IH->F","AE","VZ"
1668,"hang gav nak zam","onset","AE->S; IH->F","AE","VZ"
2434,"hang zag nak vam","onset","AE->S; IH->F","AE","VZ"
2072,"mak hav nag zang","onset","AE->S; IH->F","AE","VZ"
2715,"zan ham kang gav","onset","AE->S; IH->F","AE","VZ"
927,"ham nag zang kav","onset","AE->S; IH->F","AE","VZ"
1808,"gak vam hang zan","onset","AE->S; IH->F","AE","VZ"
568,"ham gang van zak","onset","AE->S; IH->F","AE","VZ"
1987,"nag zav mak hang","onset","AE->S; IH->F","AE","VZ"
832,"nav kam zang hag","onset","AE->S; IH->F","AE","VZ"
1055,"kang han mav zag","onset","AE->S; IH->F","AE","VZ"
2857,"king min vig hiz","onset","AE->S; IH->F","IH","VZ"
2024,"hing zim kin vig","onset","AE->S; IH->F","IH","VZ"
2066,"vig zim nik hing","onset","AE->S; IH->F","IH","VZ"
1386,"ghik ning him viz","onset","AE->S; IH->F","IH","VZ"
594,"hing mik vin ghiz","onset","AE->S; IH->F","IH","VZ"
616,"viz hing kig min","onset","AE->S; IH->F","IH","VZ"
308,"ving kig nim hiz","onset","AE->S; IH->F","IH","VZ"
54,"hing kiz vig nim","onset","AE->S; IH->F","IH","VZ"
920,"vin kim zing hig","onset","AE->S; IH->F","IH","VZ"
2988,"hing vin ghiz mik","onset","AE->S; IH->F","IH","VZ"
1371,"ving hin miz kig","onset","AE->S; IH->F","IH","VZ"
2175,"vig min hiz king","onset","AE->S; IH->F","IH","VZ"
1719,"miz hing ghin vik","onset","AE->S; IH->F","IH","VZ"
1407,"zing hig vim kin","onset","AE->S; IH->F","IH","VZ"
1330,"ming hig kin viz","onset","AE->S; IH->F","IH","VZ"
1636,"zig ving hik nim","onset","AE->S; IH->F","IH","VZ"
252,"vik nim hing zig","onset","AE->S; IH->F","IH","VZ"
1219,"vig him ning kiz","onset","AE->S; IH->F","IH","VZ"
2361,"vin ghiz mik hing","onset","AE->S; IH->F","IH","VZ"
1881,"mik zig hing vin","onset","AE->S; IH->F","IH","VZ"
698,"zin hing ghim vik","onset","AE->S; IH->F","IH","VZ"
3072,"nik ving zig him","onset","AE->S; IH->F","IH","VZ"
2426,"hik zing mig vin","onset","AE->S; IH->F","IH","VZ"
439,"zim vig hik ning","onset","AE->S; IH->F","IH","VZ"
1471,"ghiz him ving kin","onset","AE->S; IH->F","IH","VZ"
1217,"ming ghin viz hik","onset","AE->S; IH->F","IH","VZ"
60,"ghik vin hing miz","onset","AE->S; IH->F","IH","VZ"
1419,"ghim viz nik hing","onset","AE->S; IH->F","IH","VZ"
2463,"vig ming niz hik","onset","AE->S; IH->F","IH","VZ"
1845,"zing hin vim ghik","onset","AE->S; IH->F","IH","VZ"
313,"miz hig kin ving","onset","AE->S; IH->F","IH","VZ"
970,"vin hig miz king","onset","AE->S; IH->F","IH","VZ"
1121,"ghin miz ving hik","onset","AE->S; IH->F","IH","VZ"
2251,"vin hing zim ghik","onset","AE->S; IH->F","IH","VZ"
191,"kig him vin zing","onset","AE->S; IH->F","IH","VZ"
778,"hig king nim viz","onset","AE->S; IH->F","IH","VZ"
1246,"niz ving kim hig","onset","AE->S; IH->F","IH","VZ"
1464,"hiz ning vik ghim","onset","AE->S; IH->F","IH","VZ"
245,"ghik ving niz him","onset","AE->S; IH->F","IH","VZ"
1784,"zik vig ning him","onset","AE->S; IH->F","IH","VZ"
2613,"zig vin kim hing","onset","AE->S; IH->F","IH","VZ"
1890,"hik zing ghin vim","onset","AE->S; IH->F","IH","VZ"
2379,"zig him kin ving","onset","AE->S; IH->F","IH","VZ"
2956,"vin kig hiz ming","onset","AE->S; IH->F","IH","VZ"
1260,"hig zing kin vim","onset","AE->S; IH->F","IH","VZ"
13,"zin ghik ving him","onset","AE->S; IH->F","IH","VZ"
2785,"vik zing min hig","onset","AE->S; IH->F","IH","VZ"
827,"ming vin zik hig","onset","AE->S; IH->F","IH","VZ"
2819,"hiz vig nik ming","onset","AE->S; IH->F","IH","VZ"
3015,"hing ghiz nik vim","onset","AE->S; IH->F","IH","VZ"
908,"vin hing zig mik","onset","AE->S; IH->F","IH","VZ"
46,"kiz vim hing ghin","onset","AE->S; IH->F","IH","VZ"
2318,"mig nik hing viz","onset","AE->S; IH->F","IH","VZ"
1277,"nik miz vig hing","onset","AE->S; IH->F","IH","VZ"
2860,"zig nik vim hing","onset","AE->S; IH->F","IH","VZ"
2968,"vin mig zing hik","onset","AE->S; IH->F","IH","VZ"
1889,"hig zik min ving","onset","AE->S; IH->F","IH","VZ"
2967,"hing vig kin miz","onset","AE->S; IH->F","IH","VZ"
2049,"ving nik him zig","onset","AE->S; IH->F","IH","VZ"
2832,"vig zik him ning","onset","AE->S; IH->F","IH","VZ"
561,"king viz hin ghim","onset","AE->S; IH->F","IH","VZ"
2381,"king zim hig vin","onset","AE->S; IH->F","IH","VZ"
851,"hig ming vik niz","onset","AE->S; IH->F","IH","VZ"
646,"hig niz mik ving","onset","AE->S; IH->F","IH","VZ"
1158,"hik ving ghin zim","onset","AE->S; IH->F","IH","VZ"
2351,"ning vim hiz kig","onset","AE->S; IH->F","IH","VZ"
2868,"hig kin ving miz","onset","AE->S; IH->F","IH","VZ"
1523,"ghim hik niz ving","onset","AE->S; IH->F","IH","VZ"
1739,"ghiz him vin king","onset","AE->S; IH->F","IH","VZ"
2141,"kim ghiz ving hin","onset","AE->S; IH->F","IH","VZ"
1084,"hig nim ving kiz","onset","AE->S; IH->F","IH","VZ"
819,"kiz hin vig ming","onset","AE->S; IH->F","IH","VZ"
231,"mig hing vin zik","onset","AE->S; IH->F","IH","VZ"
168,"vim kin hing zig","onset","AE->S; IH->F","IH","VZ"
1495,"zik ghin hing vim","onset","AE->S; IH->F","IH","VZ"
509,"hiz vig ming kin","onset","AE->S; IH->F","IH","VZ"
712,"vig zing nim hik","onset","AE->S; IH->F","IH","VZ"
1024,"mig hin ving zik","onset","AE->S; IH->F","IH","VZ"
1321,"ming vin hiz ghik","onset","AE->S; IH->F","IH","VZ"
604,"ghik hiz nim ving","onset","AE->S; IH->F","IH","VZ"
2835,"hin miz vig king","onset","AE->S; IH->F","IH","VZ"
2228,"hig kiz vim ning","onset","AE->S; IH->F","IH","VZ"
2670,"hik ming vin zig","onset","AE->S; IH->F","IH","VZ"
2575,"hiz nim vig king","onset","AE->S; IH->F","IH","VZ"
2418,"kig zing him vin","onset","AE->S; IH->F","IH","VZ"
1496,"hiz kin ving ghim","onset","AE->S; IH->F","IH","VZ"
2930,"mig hing vin kiz","onset","AE->S; IH->F","IH","VZ"
1780,"kig vin zim hing","onset","AE->S; IH->F","IH","VZ"
826,"ghing vin kim hiz","onset","AE->S; IH->F","IH","VZ"
303,"ghiz hin ving mik","onset","AE->S; IH->F","IH","VZ"
1634,"nim kig viz hing","onset","AE->S; IH->F","IH","VZ"
3006,"hig ning vik zim","onset","AE->S; IH->F","IH","VZ"
1637,"vim hin zig king","onset","AE->S; IH->F","IH","VZ"
1932,"hin ghiz ming vik","onset","AE->S; IH->F","IH","VZ"
700,"kig zing vin him","onset","AE->S; IH->F","IH","VZ"
1229,"vim ghin hing kiz","onset","AE->S; IH->F","IH","VZ"
431,"gak naz hang vam","coda","AE->S; IH->F","AE","VZ"
1729,"hav nak gang maz","coda","AE->S; IH->F","AE","VZ"
1315,"vang hak naz gam","coda","AE->S; IH->F","AE","VZ"
839,"mag kang naz hav","coda","AE->S; IH->F","AE","VZ"
1807,"maz hav kang gan","coda","AE->S; IH->F","AE","VZ"
1559,"vam hak nang gaz","coda","AE->S; IH->F","AE","VZ"
2991,"mav gan kang haz","coda","AE->S; IH->F","AE","VZ"
2707,"naz gak mav hang","coda","AE->S; IH->F","AE","VZ"
2446,"vang hak nam gaz","coda","AE->S; IH->F","AE","VZ"
1511,"man vaz kag hang","coda","AE->S; IH->F","AE","VZ"
2951,"kam hang gaz nav","coda","AE->S; IH->F","AE","VZ"
259,"haz gan vang mak","coda","AE->S; IH->F","AE","VZ"
1575,"maz kag nang hav","coda","AE->S; IH->F","AE","VZ"
2833,"mang kav gan haz","coda","AE->S; IH->F","AE","VZ"
547,"hang gan kaz mav","coda","AE->S; IH->F","AE","VZ"
2302,"kang haz man gav","coda","AE->S; IH->F","AE","VZ"
2561,"kav nang hag maz","coda","AE->S; IH->F","AE","VZ"
1297,"haz nag vang kam","coda","AE->S; IH->F","AE","VZ"
1442,"vaz hang mag nak","coda","AE->S; IH->F","AE","VZ"
549,"nak vaz hang gam","coda","AE->S; IH->F","AE","VZ"
2636,"han kaz vang mag","coda","AE->S; IH->F","AE","VZ"
1064,"gaz hav nang mak","coda","AE->S; IH->F","AE","VZ"
97,"vaz nam kang hag","coda","AE->S; IH->F","AE","VZ"
1334,"kan vaz hang mag","coda","AE->S; IH->F","AE","VZ"
2331,"hag maz nak vang","coda","AE->S; IH->F","AE","VZ"
1723,"vang maz nag hak","coda","AE->S; IH->F","AE","VZ"
1069,"hag vaz kang man","coda","AE->S; IH->F","AE","VZ"
3040,"mag hang vaz kan","coda","AE->S; IH->F","AE","VZ"
2895,"gan kav maz hang","coda","AE->S; IH->F","AE","VZ"
325,"nav kang haz gam","coda","AE->S; IH->F","AE","VZ"
1096,"hak naz gav mang","coda","AE->S; IH->F","AE","VZ"
1379,"vam gan kaz hang","coda","AE->S; IH->F","AE","VZ"
2684,"vaz gak mang han","coda","AE->S; IH->F","AE","VZ"
388,"nav gang mak haz","coda","AE->S; IH->F","AE","VZ"
1956,"nam gaz hang vak","coda","AE->S; IH->F","AE","VZ"
1700,"mang han kav gaz","coda","AE->S; IH->F","AE","VZ"
1186,"kav maz hang gan","coda","AE->S; IH->F","AE","VZ"
2579,"man vaz hag kang","coda","AE->S; IH->F","AE","VZ"
620,"hang naz mag kav","coda","AE->S; IH->F","AE","VZ"
3010,"van haz kag mang","coda","AE->S; IH->F","AE","VZ"
2366,"mak hav gaz nang","coda","AE->S; IH->F","AE","VZ"
608,"hang vam gaz kan","coda","AE->S; IH->F","AE","VZ"
249,"gang kam vaz han","coda","AE->S; IH->F","AE","VZ"
2436,"mang vak han gaz","coda","AE->S; IH->F","AE","VZ"
261,"mag nak vang haz","coda","AE->S; IH->F","AE","VZ"
1594,"van haz gang kam","coda","AE->S; IH->F","AE","VZ"
617,"kan vang haz mag","coda","AE->S; IH->F","AE","VZ"
216,"kang gaz nam hav","coda","AE->S; IH->F","AE","VZ"
1848,"hang gan maz vak","coda","AE->S; IH->F","AE","VZ"
647,"nam hang kav gaz","coda","AE->S; IH->F","AE","VZ"
478,"gan mak haz vang","coda","AE->S; IH->F","AE","VZ"
161,"hak gaz vang man","coda","AE->S; IH->F","AE","VZ"
2905,"hak man gaz vang","coda","AE->S; IH->F","AE","VZ"
1012,"hang vaz kan mag","coda","AE->S; IH->F","AE","VZ"
2927,"gang han kam vaz","coda","AE->S; IH->F","AE","VZ"
982,"gaz nav mak hang","coda","AE->S; IH->F","AE","VZ"
567,"haz gam kan vang","coda","AE->S; IH->F","AE","VZ"
2946,"vaz man hang gak","coda","AE->S; IH->F","AE","VZ"
1865,"gak van haz mang","coda","AE->S; IH->F","AE","VZ"
1426,"hang kan gaz vam","coda","AE->S; IH->F","AE","VZ"
934,"hav naz mang gak","coda","AE->S; IH->F","AE","VZ"
914,"hag nam vaz kang","coda","AE->S; IH->F","AE","VZ"
2204,"vam haz gak nang","coda","AE->S; IH->F","AE","VZ"
1696,"haz kag nang mav","coda","AE->S; IH->F","AE","VZ"
907,"mang van hag kaz","coda","AE->S; IH->F","AE","VZ"
186,"gak mav hang naz","coda","AE->S; IH->F","AE","VZ"
1206,"kang haz gav man","coda","AE->S; IH->F","AE","VZ"
2239,"vang haz mag kan","coda","AE->S; IH->F","AE","VZ"
2226,"ham gav kang naz","coda","AE->S; IH->F","AE","VZ"
1124,"vang kaz gam han","coda","AE->S; IH->F","AE","VZ"
2038,"gak vaz man hang","coda","AE->S; IH->F","AE","VZ"
1846,"haz gam vang kan","coda","AE->S; IH->F","AE","VZ"
1058,"van hag maz kang","coda","AE->S; IH->F","AE","VZ"
2729,"naz hak vang mag","coda","AE->S; IH->F","AE","VZ"
196,"maz hang gak van","coda","AE->S; IH->F","AE","VZ"
165,"kag naz hav mang","coda","AE->S; IH->F","AE","VZ"
96,"gaz mang vak han","coda","AE->S; IH->F","AE","VZ"
140,"vam kaz han gang","coda","AE->S; IH->F","AE","VZ"
3042,"hav gak maz nang","coda","AE->S; IH->F","AE","VZ"
2178,"nak haz mang gav","coda","AE->S; IH->F","AE","VZ"
534,"han kang vaz mag","coda","AE->S; IH->F","AE","VZ"
1601,"ham gaz vang kan","coda","AE->S; IH->F","AE","VZ"
2027,"vam haz kan gang","coda","AE->S; IH->F","AE","VZ"
2748,"nang maz vak hag","coda","AE->S; IH->F","AE","VZ"
2035,"mang haz kag van","coda","AE->S; IH->F","AE","VZ"
312,"gav kan maz hang","coda","AE->S; IH->F","AE","VZ"
792,"vang gan haz mak","coda","AE->S; IH->F","AE","VZ"
2367,"gang haz kav nam","coda","AE->S; IH->F","AE","VZ"
1630,"gang haz nav kam","coda","AE->S; IH->F","AE","VZ"
2996,"man kang hav gaz","coda","AE->S; IH->F","AE","VZ"
2054,"haz mang nav gak","coda","AE->S; IH->F","AE","VZ"
1473,"vang man hak gaz","coda","AE->S; IH->F","AE","VZ"
1555,"vam nak haz gang","coda","AE->S; IH->F","AE","VZ"
546,"han vam kang gaz","coda","AE->S; IH->F","AE","VZ"
734,"han maz gav kang","coda","AE->S; IH->F","AE","VZ"
1818,"mak vang naz hag","coda","AE->S; IH->F","AE","VZ"
499,"hing nik ziv mig","coda","AE->S; IH->F","IH","VZ"
1992,"ghiv kiz hing nim","coda","AE->S; IH->F","IH","VZ"
1641,"ghiv kin miz hing","coda","AE->S; IH->F","IH","VZ"
2149,"kiv zin mig hing","coda","AE->S; IH->F","IH","VZ"
2181,"ghin miv zik hing","coda","AE->S; IH->F","IH","VZ"
47,"ziv hing mig nik","coda","AE->S; IH->F","IH","VZ"
1054,"zim ghiv hing nik","coda","AE->S; IH->F","IH","VZ"
55,"ning ziv hik ghim","coda","AE->S; IH->F","IH","VZ"
2153,"niv hik ming zig","coda","AE->S; IH->F","IH","VZ"
503,"kin hing ghiz miv","coda","AE->S; IH->F","IH","VZ"
1907,"zig niv hing mik","coda","AE->S; IH->F","IH","VZ"
518,"ning kig miz hiv","coda","AE->S; IH->F","IH","VZ"
1792,"kiv ming ghiz hin","coda","AE->S; IH->F","IH","VZ"
2092,"hiz ghing niv kim","coda","AE->S; IH->F","IH","VZ"
2040,"zing kig him niv","coda","AE->S; IH->F","IH","VZ"
1209,"ghim hiv zik ning","coda","AE->S; IH->F","IH","VZ"
1857,"hik ghim zing niv","coda","AE->S; IH->F","IH","VZ"
34,"zing mik hin ghiv","coda","AE->S; IH->F","IH","VZ"
3,"kiv hing niz ghim","coda","AE->S; IH->F","IH","VZ"
2626,"hig zik miv ning","coda","AE->S; IH->F","IH","VZ"
2489,"him zig niv king","coda","AE->S; IH->F","IH","VZ"
2980,"zin king mig hiv","coda","AE->S; IH->F","IH","VZ"
2397,"zin ming hig kiv","coda","AE->S; IH->F","IH","VZ"
2461,"ghiv kim zin hing","coda","AE->S; IH->F","IH","VZ"
2524,"hing nim ghiz kiv","coda","AE->S; IH->F","IH","VZ"
1755,"king hin mig ziv","coda","AE->S; IH->F","IH","VZ"
1839,"kiv zin hing ghim","coda","AE->S; IH->F","IH","VZ"
1063,"ning mig ziv hik","coda","AE->S; IH->F","IH","VZ"
522,"hik ming niz ghiv","coda","AE->S; IH->F","IH","VZ"
1786,"hiz ghiv ming nik","coda","AE->S; IH->F","IH","VZ"
68,"hig ning zik miv","coda","AE->S; IH->F","IH","VZ"
831,"kiz ghing hin miv","coda","AE->S; IH->F","IH","VZ"
2513,"ning zim kig hiv","coda","AE->S; IH->F","IH","VZ"
2369,"ning ghiv him zik","coda","AE->S; IH->F","IH","VZ"
2690,"kiv hing zig min","coda","AE->S; IH->F","IH","VZ"
1274,"kiv mig niz hing","coda","AE->S; IH->F","IH","VZ"
1969,"zik ghiv ning him","coda","AE->S; IH->F","IH","VZ"
1781,"kig min hiv zing","coda","AE->S; IH->F","IH","VZ"
2912,"hing ghin zik miv","coda","AE->S; IH->F","IH","VZ"
376,"hiz ning mik ghiv","coda","AE->S; IH->F","IH","VZ"
2143,"ning ghiz kiv him","coda","AE->S; IH->F","IH","VZ"
1129,"zing ghik hin miv","coda","AE->S; IH->F","IH","VZ"
1611,"hig ning miv zik","coda","AE->S; IH->F","IH","VZ"
258,"zim nik ghing hiv","coda","AE->S; IH->F","IH","VZ"
53,"king hig niv zim","coda","AE->S; IH->F","IH","VZ"
2375,"ghing hik min ziv","coda","AE->S; IH->F","IH","VZ"
1707,"miv hig nik zing","coda","AE->S; IH->F","IH","VZ"
1750,"zing ghin hiv mik","coda","AE->S; IH->F","IH","VZ"
1364,"zing niv mik hig","coda","AE->S; IH->F","IH","VZ"
2711,"miv kin zig hing","coda","AE->S; IH->F","IH","VZ"
146,"miv hik ghing zin","coda","AE->S; IH->F","IH","VZ"
137,"ming kig hiv niz","coda","AE->S; IH->F","IH","VZ"
2452,"hin ming ghiv zik","coda","AE->S; IH->F","IH","VZ"
111,"niv kig zing him","coda","AE->S; IH->F","IH","VZ"
2179,"hiz ning miv kig","coda","AE->S; IH->F","IH","VZ"
571,"hiz ghin king miv","coda","AE->S; IH->F","IH","VZ"
871,"zig hing kiv nim","coda","AE->S; IH->F","IH","VZ"
999,"ziv ming hin kig","coda","AE->S; IH->F","IH","VZ"
691,"hin ghim zing kiv","coda","AE->S; IH->F","IH","VZ"
336,"ghim nik ziv hing","coda","AE->S; IH->F","IH","VZ"
2191,"hig min king ziv","coda","AE->S; IH->F","IH","VZ"
3066,"king ghim hiv niz","coda","AE->S; IH->F","IH","VZ"
338,"kiv him ghiz ning","coda","AE->S; IH->F","IH","VZ"
1541,"kin hing ziv mig","coda","AE->S; IH->F","IH","VZ"
1930,"ghiv kim hin zing","coda","AE->S; IH->F","IH","VZ"
1571,"ghim kin ziv hing","coda","AE->S; IH->F","IH","VZ"
544,"hin mig kiv zing","coda","AE->S; IH->F","IH","VZ"
545,"hiv ghim king zin","coda","AE->S; IH->F","IH","VZ"
2598,"ming nik ghiv hiz","coda","AE->S; IH->F","IH","VZ"
1498,"ghik miv zin hing","coda","AE->S; IH->F","IH","VZ"
1526,"ming ziv hik ghin","coda","AE->S; IH->F","IH","VZ"
1529,"zin ghiv hing mik","coda","AE->S; IH->F","IH","VZ"
1516,"ghing hin kim ziv","coda","AE->S; IH->F","IH","VZ"
84,"ghiv zik nim hing","coda","AE->S; IH->F","IH","VZ"
1914,"niv zig hing mik","coda","AE->S; IH->F","IH","VZ"
2853,"ghin hik ziv ming","coda","AE->S; IH->F","IH","VZ"
2700,"niv ming kiz hig","coda","AE->S; IH->F","IH","VZ"
1214,"zin hing ghiv kim","coda","AE->S; IH->F","IH","VZ"
1185,"him ghing ziv nik","coda","AE->S; IH->F","IH","VZ"
1050,"hiz ming ghin kiv","coda","AE->S; IH->F","IH","VZ"
2414,"zing niv kig him","coda","AE->S; IH->F","IH","VZ"
1290,"kin miz hiv ghing","coda","AE->S; IH->F","IH","VZ"
1241,"ghiv king miz hin","coda","AE->S; IH->F","IH","VZ"
2803,"kig zing hiv nim","coda","AE->S; IH->F","IH","VZ"
2992,"hing zim ghin kiv","coda","AE->S; IH->F","IH","VZ"
820,"miv zig hing kin","coda","AE->S; IH->F","IH","VZ"
1103,"ziv hig ming kin","coda","AE->S; IH->F","IH","VZ"
1388,"hiz ghing nim kiv","coda","AE->S; IH->F","IH","VZ"
1574,"zig hiv nim king","coda","AE->S; IH->F","IH","VZ"
2479,"min hig king ziv","coda","AE->S; IH->F","IH","VZ"
1595,"miz kig ning hiv","coda","AE->S; IH->F","IH","VZ"
2765,"hiv min zing ghik","coda","AE->S; IH->F","IH","VZ"
87,"hin king ghiv miz","coda","AE->S; IH->F","IH","VZ"
2558,"mig kiv zing hin","coda","AE->S; IH->F","IH","VZ"
1863,"kin ming ghiz hiv","coda","AE->S; IH->F","IH","VZ"
1661,"hing kim ghiz niv","coda","AE->S; IH->F","IH","VZ"
1347,"gav hang zan kam","coda","AE->F; IH->S","AE","VZ"
21,"zan gav hang mak","coda","AE->F; IH->S","AE","VZ"
1053,"nang gav hak zam","coda","AE->F; IH->S","AE","VZ"
419,"mav zan hag kang","coda","AE->F; IH->S","AE","VZ"
1057,"haz nang mav gak","coda","AE->F; IH->S","AE","VZ"
1402,"kang zam gav han","coda","AE->F; IH->S","AE","VZ"
1600,"mav zag kang han","coda","AE->F; IH->S","AE","VZ"
1982,"hang mav nag zak","coda","AE->F; IH->S","AE","VZ"
2295,"hang zav gak man","coda","AE->F; IH->S","AE","VZ"
1394,"naz hang kav gam","coda","AE->F; IH->S","AE","VZ"
2258,"kaz mang gav han","coda","AE->F; IH->S","AE","VZ"
2162,"ham zag kav nang","coda","AE->F; IH->S","AE","VZ"
2808,"man kav gang haz","coda","AE->F; IH->S","AE","VZ"
278,"han gang zav mak","coda","AE->F; IH->S","AE","VZ"
2959,"gang kav zan ham","coda","AE->F; IH->S","AE","VZ"
2617,"zak hang gav man","coda","AE->F; IH->S","AE","VZ"
2244,"hang kan zav gam","coda","AE->F; IH->S","AE","VZ"
1387,"gang hav kaz nam","coda","AE->F; IH->S","AE","VZ"
1013,"gav nang ham zak","coda","AE->F; IH->S","AE","VZ"
678,"han gav kang maz","coda","AE->F; IH->S","AE","VZ"
1151,"zam gang nak hav","coda","AE->F; IH->S","AE","VZ"
2686,"maz hav gak nang","coda","AE->F; IH->S","AE","VZ"
1284,"nag hang mav kaz","coda","AE->F; IH->S","AE","VZ"
2495,"haz nang kav mag","coda","AE->F; IH->S","AE","VZ"
86,"mang hak naz gav","coda","AE->F; IH->S","AE","VZ"
221,"hang gaz mav nak","coda","AE->F; IH->S","AE","VZ"
916,"nag hak zang mav","coda","AE->F; IH->S","AE","VZ"
2584,"hak nav gang maz","coda","AE->F; IH->S","AE","VZ"
2065,"zang nag kam hav","coda","AE->F; IH->S","AE","VZ"
3007,"zang hav mak nag","coda","AE->F; IH->S","AE","VZ"
1412,"nav mang gaz hak","coda","AE->F; IH->S","AE","VZ"
1266,"hang mag kav zan","coda","AE->F; IH->S","AE","VZ"
1654,"mak zang nag hav","coda","AE->F; IH->S","AE","VZ"
1102,"hav gaz nang kam","coda","AE->F; IH->S","AE","VZ"
1462,"nang zav gak ham","coda","AE->F; IH->S","AE","VZ"
1710,"hav kang zag man","coda","AE->F; IH->S","AE","VZ"
224,"nav maz hak gang","coda","AE->F; IH->S","AE","VZ"
1799,"nav gang hak maz","coda","AE->F; IH->S","AE","VZ"
1851,"han maz kav gang","coda","AE->F; IH->S","AE","VZ"
930,"zav mang hag nak","coda","AE->F; IH->S","AE","VZ"
37,"haz nav mak gang","coda","AE->F; IH->S","AE","VZ"
463,"ham gak nang zav","coda","AE->F; IH->S","AE","VZ"
644,"kaz mav nang hag","coda","AE->F; IH->S","AE","VZ"
214,"nag hang kam zav","coda","AE->F; IH->S","AE","VZ"
3019,"naz gang mak hav","coda","AE->F; IH->S","AE","VZ"
996,"hang kaz nam gav","coda","AE->F; IH->S","AE","VZ"
1813,"nam gav zak hang","coda","AE->F; IH->S","AE","VZ"
1093,"kav han zag mang","coda","AE->F; IH->S","AE","VZ"
1544,"zag mav hak nang","coda","AE->F; IH->S","AE","VZ"
1447,"nag haz mav kang","coda","AE->F; IH->S","AE","VZ"
2299,"mak gav zan hang","coda","AE->F; IH->S","AE","VZ"
1179,"kav haz gang man","coda","AE->F; IH->S","AE","VZ"
244,"gak zan hang mav","coda","AE->F; IH->S","AE","VZ"
157,"kaz gang mav han","coda","AE->F; IH->S","AE","VZ"
430,"hav zak gan mang","coda","AE->F; IH->S","AE","VZ"
597,"nav gang kaz ham","coda","AE->F; IH->S","AE","VZ"
1624,"zag hang nam kav","coda","AE->F; IH->S","AE","VZ"
610,"gav hak nang maz","coda","AE->F; IH->S","AE","VZ"
2718,"mag haz kang nav","coda","AE->F; IH->S","AE","VZ"
2249,"ham gaz nang kav","coda","AE->F; IH->S","AE","VZ"
2596,"hav nag mang kaz","coda","AE->F; IH->S","AE","VZ"
1715,"hang zak gav nam","coda","AE->F; IH->S","AE","VZ"
1510,"kang zav nag ham","coda","AE->F; IH->S","AE","VZ"
349,"mav haz nag kang","coda","AE->F; IH->S","AE","VZ"
1793,"zak gang nav ham","coda","AE->F; IH->S","AE","VZ"
2644,"hak nang gam zav","coda","AE->F; IH->S","AE","VZ"
1292,"ham nak gang zav","coda","AE->F; IH->S","AE","VZ"
2172,"mag han zav kang","coda","AE->F; IH->S","AE","VZ"
2105,"nang zag ham kav","coda","AE->F; IH->S","AE","VZ"
2019,"kav zang mag han","coda","AE->F; IH->S","AE","VZ"
2679,"hang zag mav nak","coda","AE->F; IH->S","AE","VZ"
287,"gang kam zav han","coda","AE->F; IH->S","AE","VZ"
1074,"zak hang mav nag","coda","AE->F; IH->S","AE","VZ"
976,"hav gang kaz nam","coda","AE->F; IH->S","AE","VZ"
1895,"nang haz kav mag","coda","AE->F; IH->S","AE","VZ"
399,"nav ham kang gaz","coda","AE->F; IH->S","AE","VZ"
1097,"hag zang kam nav","coda","AE->F; IH->S","AE","VZ"
2212,"nag mav kang haz","coda","AE->F; IH->S","AE","VZ"
1028,"han mav zak gang","coda","AE->F; IH->S","AE","VZ"
3056,"zav nak ham gang","coda","AE->F; IH->S","AE","VZ"
40,"mak nang zav hag","coda","AE->F; IH->S","AE","VZ"
921,"gang nak hav zam","coda","AE->F; IH->S","AE","VZ"
650,"hang nav zak mag","coda","AE->F; IH->S","AE","VZ"
2772,"gaz nam kang hav","coda","AE->F; IH->S","AE","VZ"
2313,"nak gav zang ham","coda","AE->F; IH->S","AE","VZ"
385,"naz mav hang kag","coda","AE->F; IH->S","AE","VZ"
505,"kag nav ham zang","coda","AE->F; IH->S","AE","VZ"
1351,"kang gam zan hav","coda","AE->F; IH->S","AE","VZ"
2348,"zak gav han mang","coda","AE->F; IH->S","AE","VZ"
318,"gak nam hav zang","coda","AE->F; IH->S","AE","VZ"
1756,"nam haz gav kang","coda","AE->F; IH->S","AE","VZ"
272,"haz kam gav nang","coda","AE->F; IH->S","AE","VZ"
2043,"hak zag mang nav","coda","AE->F; IH->S","AE","VZ"
2100,"mav kang han gaz","coda","AE->F; IH->S","AE","VZ"
2243,"nak gam hang zav","coda","AE->F; IH->S","AE","VZ"
94,"nav hag kam zang","coda","AE->F; IH->S","AE","VZ"
2989,"viz ghik him ning","coda","AE->F; IH->S","IH","VZ"
1811,"ming nik viz hig","coda","AE->F; IH->S","IH","VZ"
1392,"kim viz hin ghing","coda","AE->F; IH->S","IH","VZ"
2713,"kig viz hin ming","coda","AE->F; IH->S","IH","VZ"
1127,"ghim viz hik ning","coda","AE->F; IH->S","IH","VZ"
2306,"kiz hin miv ghing","coda","AE->F; IH->S","IH","VZ"
1227,"kig ming hiz niv","coda","AE->F; IH->S","IH","VZ"
2974,"ghim ving niz hik","coda","AE->F; IH->S","IH","VZ"
2039,"ning hiv kim ghiz","coda","AE->F; IH->S","IH","VZ"
618,"hiz ghim kiv ning","coda","AE->F; IH->S","IH","VZ"
2653,"min hik ving ghiz","coda","AE->F; IH->S","IH","VZ"
2971,"viz king min hig","coda","AE->F; IH->S","IH","VZ"
1286,"niv hiz king ghim","coda","AE->F; IH->S","IH","VZ"
1073,"ghing hin miz vik","coda","AE->F; IH->S","IH","VZ"
406,"kiz ghing nim hiv","coda","AE->F; IH->S","IH","VZ"
1626,"niz kiv hing ghim","coda","AE->F; IH->S","IH","VZ"
2641,"ghin miz ving hik","coda","AE->F; IH->S","IH","VZ"
1393,"vin ghing mik hiz","coda","AE->F; IH->S","IH","VZ"
1678,"ving him kig niz","coda","AE->F; IH->S","IH","VZ"
1621,"hing kin ghiz miv","coda","AE->F; IH->S","IH","VZ"
2763,"vin hiz king mig","coda","AE->F; IH->S","IH","VZ"
2822,"ving mik niz hig","coda","AE->F; IH->S","IH","VZ"
726,"kiz hin vig ming","coda","AE->F; IH->S","IH","VZ"
241,"hig ning kiv miz","coda","AE->F; IH->S","IH","VZ"
1795,"hin ming vik ghiz","coda","AE->F; IH->S","IH","VZ"
2252,"hiz nim kiv ghing","coda","AE->F; IH->S","IH","VZ"
1751,"kiv hing ghim niz","coda","AE->F; IH->S","IH","VZ"
1110,"miv hiz kin ghing","coda","AE->F; IH->S","IH","VZ"
2074,"hing kig viz min","coda","AE->F; IH->S","IH","VZ"
1248,"ghim hing kiv niz","coda","AE->F; IH->S","IH","VZ"
1358,"hiz vim kig ning","coda","AE->F; IH->S","IH","VZ"
2953,"ming vik ghiz hin","coda","AE->F; IH->S","IH","VZ"
2408,"miv ghing kiz hin","coda","AE->F; IH->S","IH","VZ"
2945,"ning hiz vig mik","coda","AE->F; IH->S","IH","VZ"
204,"ming vin ghiz hik","coda","AE->F; IH->S","IH","VZ"
138,"kig vim hiz ning","coda","AE->F; IH->S","IH","VZ"
893,"kin viz hig ming","coda","AE->F; IH->S","IH","VZ"
2954,"him niz ving kig","coda","AE->F; IH->S","IH","VZ"
471,"hiv ghim kiz ning","coda","AE->F; IH->S","IH","VZ"
1859,"hig kiv niz ming","coda","AE->F; IH->S","IH","VZ"
2183,"him niz ving ghik","coda","AE->F; IH->S","IH","VZ"
179,"min ghing viz hik","coda","AE->F; IH->S","IH","VZ"
1500,"ghiz hing kim niv","coda","AE->F; IH->S","IH","VZ"
2282,"vin ghik hiz ming","coda","AE->F; IH->S","IH","VZ"
2465,"vin kiz hing mig","coda","AE->F; IH->S","IH","VZ"
2521,"hiz mig king niv","coda","AE->F; IH->S","IH","VZ"
783,"ghing niz hiv mik","coda","AE->F; IH->S","IH","VZ"
992,"miz ghiv nik hing","coda","AE->F; IH->S","IH","VZ"
575,"king him niz ghiv","coda","AE->F; IH->S","IH","VZ"
977,"kim vig hing niz","coda","AE->F; IH->S","IH","VZ"
2125,"vig kin hing miz","coda","AE->F; IH->S","IH","VZ"
3070,"ghin miv king hiz","coda","AE->F; IH->S","IH","VZ"
292,"kig ving min hiz","coda","AE->F; IH->S","IH","VZ"
2263,"mik hin ving ghiz","coda","AE->F; IH->S","IH","VZ"
1478,"vik ghiz him ning","coda","AE->F; IH->S","IH","VZ"
1759,"kin vig hiz ming","coda","AE->F; IH->S","IH","VZ"
2993,"ming vin hiz kig","coda","AE->F; IH->S","IH","VZ"
2550,"viz him ghin king","coda","AE->F; IH->S","IH","VZ"
2247,"hing niz ghim kiv","coda","AE->F; IH->S","IH","VZ"
746,"kiv hing min ghiz","coda","AE->F; IH->S","IH","VZ"
592,"hiv niz ghik ming","coda","AE->F; IH->S","IH","VZ"
2847,"miz hing vik ghin","coda","AE->F; IH->S","IH","VZ"
2586,"hiz ghin miv king","coda","AE->F; IH->S","IH","VZ"
1025,"ghing hiv niz kim","coda","AE->F; IH->S","IH","VZ"
3018,"min ghiz vik hing","coda","AE->F; IH->S","IH","VZ"
2796,"hiz nim vig king","coda","AE->F; IH->S","IH","VZ"
1147,"hiv ning kim ghiz","coda","AE->F; IH->S","IH","VZ"
1870,"hik nim ving ghiz","coda","AE->F; IH->S","IH","VZ"
1180,"hiz vin ming ghik","coda","AE->F; IH->S","IH","VZ"
394,"hig king min viz","coda","AE->F; IH->S","IH","VZ"
2340,"him kin ving ghiz","coda","AE->F; IH->S","IH","VZ"
890,"hiz ghik vin ming","coda","AE->F; IH->S","IH","VZ"
543,"vim niz hing ghik","coda","AE->F; IH->S","IH","VZ"
874,"viz min ghing hik","coda","AE->F; IH->S","IH","VZ"
2743,"ghiz nik hing miv","coda","AE->F; IH->S","IH","VZ"
3012,"hing ghim vik niz","coda","AE->F; IH->S","IH","VZ"
1872,"min hing kiz vig","coda","AE->F; IH->S","IH","VZ"
328,"hiv king niz mig","coda","AE->F; IH->S","IH","VZ"
2712,"ghim nik viz hing","coda","AE->F; IH->S","IH","VZ"
2852,"miz hin kig ving","coda","AE->F; IH->S","IH","VZ"
2705,"min viz kig hing","coda","AE->F; IH->S","IH","VZ"
2627,"ghin hing vik miz","coda","AE->F; IH->S","IH","VZ"
1106,"kin hing miv ghiz","coda","AE->F; IH->S","IH","VZ"
1372,"vik min ghiz hing","coda","AE->F; IH->S","IH","VZ"
1122,"ving kin hiz mig","coda","AE->F; IH->S","IH","VZ"
2187,"miv hik niz ghing","coda","AE->F; IH->S","IH","VZ"
2240,"min ghing vik hiz","coda","AE->F; IH->S","IH","VZ"
1802,"mik niz hing ghiv","coda","AE->F; IH->S","IH","VZ"
2609,"ming hiz vig nik","coda","AE->F; IH->S","IH","VZ"
1083,"ghik nim hiz ving","coda","AE->F; IH->S","IH","VZ"
1181,"min kiz hing ghiv","coda","AE->F; IH->S","IH","VZ"
625,"miv hing niz ghik","coda","AE->F; IH->S","IH","VZ"
1136,"miz hiv ghing kin","coda","AE->F; IH->S","IH","VZ"
1928,"hiz mig kin ving","coda","AE->F; IH->S","IH","VZ"
2108,"hik miv ghing niz","coda","AE->F; IH->S","IH","VZ"
1385,"hing ghik niz miv","coda","AE->F; IH->S","IH","VZ"
