"stim_id","twister","exp_cond","cb_cond","vowel","exp_idx"
2476,"sang ham kag naf","coda","AE->F; IH->S","AE",1
1365,"man hang gass kaf","coda","AE->F; IH->S","AE",1
2120,"gaf kan mass hang","coda","AE->F; IH->S","AE",1
632,"san haf gam kang","coda","AE->F; IH->S","AE",1
1494,"sag naf hang mak","coda","AE->F; IH->S","AE",1
1486,"mak gaf hang san","coda","AE->F; IH->S","AE",1
2518,"gan maf hak sang","coda","AE->F; IH->S","AE",1
2597,"san haf kag mang","coda","AE->F; IH->S","AE",1
2666,"kass maf hang gan","coda","AE->F; IH->S","AE",1
1852,"gass maf nang hak","coda","AE->F; IH->S","AE",1
2468,"haf mang gass nak","coda","AE->F; IH->S","AE",1
1518,"hang kan gaf mass","coda","AE->F; IH->S","AE",1
1650,"maf hang gak san","coda","AE->F; IH->S","AE",1
2674,"nang mag kaf hass","coda","AE->F; IH->S","AE",1
1801,"nass gang ham kaf","coda","AE->F; IH->S","AE",1
2523,"kaf han mang sag","coda","AE->F; IH->S","AE",1
2560,"nak haf mang sag","coda","AE->F; IH->S","AE",1
1480,"gam haf sang kan","coda","AE->F; IH->S","AE",1
2267,"gass naf mang hak","coda","AE->F; IH->S","AE",1
2970,"saf kan mag hang","coda","AE->F; IH->S","AE",1
922,"gaf mass kang han","coda","AE->F; IH->S","AE",1
2662,"nak mag hang saf","coda","AE->F; IH->S","AE",1
2329,"hass mang kan gaf","coda","AE->F; IH->S","AE",1
1763,"nang hag mass kaf","coda","AE->F; IH->S","AE",1
2316,"nass mag kang haf","coda","AE->F; IH->S","AE",1
1322,"gam saf nak hang","coda","AE->F; IH->S","AE",1
583,"sang ham nak gaf","coda","AE->F; IH->S","AE",1
1295,"nam saf gang hak","coda","AE->F; IH->S","AE",1
2044,"kaf mag hass nang","coda","AE->F; IH->S","AE",1
2978,"hag nak maf sang","coda","AE->F; IH->S","AE",1
2068,"sak mang gaf han","coda","AE->F; IH->S","AE",1
1454,"han sak gaf mang","coda","AE->F; IH->S","AE",1
554,"kag mass nang haf","coda","AE->F; IH->S","AE",1
1123,"maf han sang kag","coda","AE->F; IH->S","AE",1
2921,"naf sag mang hak","coda","AE->F; IH->S","AE",1
2603,"sag naf mak hang","coda","AE->F; IH->S","AE",1
802,"gass haf mak nang","coda","AE->F; IH->S","AE",1
2391,"saf kam han gang","coda","AE->F; IH->S","AE",1
1040,"sam hak gaf nang","coda","AE->F; IH->S","AE",1
1235,"kag hang san maf","coda","AE->F; IH->S","AE",1
2898,"ham gak sang naf","coda","AE->F; IH->S","AE",1
959,"nag mass kang haf","coda","AE->F; IH->S","AE",1
2762,"sak mag haf nang","coda","AE->F; IH->S","AE",1
2334,"hang san gaf mak","coda","AE->F; IH->S","AE",1
1415,"mag sak nang haf","coda","AE->F; IH->S","AE",1
2393,"hak nam saf gang","coda","AE->F; IH->S","AE",1
2370,"sam naf kag hang","coda","AE->F; IH->S","AE",1
1325,"gang kam haf san","coda","AE->F; IH->S","AE",1
2920,"hak mang san gaf","coda","AE->F; IH->S","AE",1
754,"saf hag mak nang","coda","AE->F; IH->S","AE",1
1263,"saf mang han gak","coda","AE->F; IH->S","AE",1
1320,"sag hang kan maf","coda","AE->F; IH->S","AE",1
1451,"nass kang ham gaf","coda","AE->F; IH->S","AE",1
665,"mag kass haf nang","coda","AE->F; IH->S","AE",1
2904,"haf sang mag kan","coda","AE->F; IH->S","AE",1
402,"saf hag kam nang","coda","AE->F; IH->S","AE",1
346,"sak naf hag mang","coda","AE->F; IH->S","AE",1
730,"mag hang naf sak","coda","AE->F; IH->S","AE",1
2,"mang hak naf gass","coda","AE->F; IH->S","AE",1
576,"mang sag haf nak","coda","AE->F; IH->S","AE",1
1564,"hak nang gam saf","coda","AE->F; IH->S","AE",1
1655,"nass mag kaf hang","coda","AE->F; IH->S","AE",1
639,"gam saf kan hang","coda","AE->F; IH->S","AE",1
1395,"nam hass kang gaf","coda","AE->F; IH->S","AE",1
116,"ham kang saf gan","coda","AE->F; IH->S","AE",1
555,"sam hang naf gak","coda","AE->F; IH->S","AE",1
2871,"hang gass kaf man","coda","AE->F; IH->S","AE",1
818,"ham sak gang naf","coda","AE->F; IH->S","AE",1
1979,"saf gang hak nam","coda","AE->F; IH->S","AE",1
595,"gam san haf kang","coda","AE->F; IH->S","AE",1
1030,"maf hak nag sang","coda","AE->F; IH->S","AE",1
860,"san kag hang maf","coda","AE->F; IH->S","AE",1
3049,"sam gak hang naf","coda","AE->F; IH->S","AE",1
677,"mang kan hass gaf","coda","AE->F; IH->S","AE",1
1043,"gass kan mang haf","coda","AE->F; IH->S","AE",1
1591,"kaf han sam gang","coda","AE->F; IH->S","AE",1
1445,"sang hak naf mag","coda","AE->F; IH->S","AE",1
1712,"gang maf nak hass","coda","AE->F; IH->S","AE",1
1482,"nass maf gang hak","coda","AE->F; IH->S","AE",1
768,"kan hang maf sag","coda","AE->F; IH->S","AE",1
461,"maf hass kang gan","coda","AE->F; IH->S","AE",1
599,"sak gam nang haf","coda","AE->F; IH->S","AE",1
3013,"saf kang hag nam","coda","AE->F; IH->S","AE",1
229,"haf gang kam nass","coda","AE->F; IH->S","AE",1
997,"haf mag sang nak","coda","AE->F; IH->S","AE",1
2805,"gak hang maf nass","coda","AE->F; IH->S","AE",1
1036,"naf sak hang gam","coda","AE->F; IH->S","AE",1
9,"kaf mag hang nass","coda","AE->F; IH->S","AE",1
2710,"haf gass mang kan","coda","AE->F; IH->S","AE",1
148,"mang naf kag hass","coda","AE->F; IH->S","AE",1
2346,"mang naf hag kass","coda","AE->F; IH->S","AE",1
2976,"maf nang sag hak","coda","AE->F; IH->S","AE",1
582,"gam naf hass kang","coda","AE->F; IH->S","AE",1
444,"mang kan sag haf","coda","AE->F; IH->S","AE",1
2053,"nag mang haf kass","coda","AE->F; IH->S","AE",1
331,"haf man sang kag","coda","AE->F; IH->S","AE",1
35,"kiss nif hing ghim","coda","AE->F; IH->S","IH",1
2481,"min kif hing ghiss","coda","AE->F; IH->S","IH",1
220,"hing ghif niss kim","coda","AE->F; IH->S","IH",1
1192,"ming kiss hin ghif","coda","AE->F; IH->S","IH",1
987,"hik ghing miss fin","coda","AE->F; IH->S","IH",1
1596,"hing mik niss fig","coda","AE->F; IH->S","IH",1
2695,"nif ghik hiss ming","coda","AE->F; IH->S","IH",1
966,"min king hig fiss","coda","AE->F; IH->S","IH",1
497,"nik fing hiss mig","coda","AE->F; IH->S","IH",1
149,"mik ning hiss fig","coda","AE->F; IH->S","IH",1
2059,"ning him fiss kig","coda","AE->F; IH->S","IH",1
2536,"ghin fik hing miss","coda","AE->F; IH->S","IH",1
1666,"ghing nif miss hik","coda","AE->F; IH->S","IH",1
1485,"hin kim ghiss fing","coda","AE->F; IH->S","IH",1
1197,"fig hik ming niss","coda","AE->F; IH->S","IH",1
1357,"nim ghiss kif hing","coda","AE->F; IH->S","IH",1
195,"fing mik hin ghiss","coda","AE->F; IH->S","IH",1
270,"miss ghif kin hing","coda","AE->F; IH->S","IH",1
2632,"fig niss hing mik","coda","AE->F; IH->S","IH",1
863,"fiss hig ming nik","coda","AE->F; IH->S","IH",1
79,"mig nif hiss king","coda","AE->F; IH->S","IH",1
227,"him kin ghiss fing","coda","AE->F; IH->S","IH",1
2257,"ming hif niss kig","coda","AE->F; IH->S","IH",1
2004,"hing fiss kin mig","coda","AE->F; IH->S","IH",1
648,"fing ghim kiss hin","coda","AE->F; IH->S","IH",1
2256,"ghim kiss ning hif","coda","AE->F; IH->S","IH",1
295,"hiss king fin mig","coda","AE->F; IH->S","IH",1
2693,"ghif kiss hing min","coda","AE->F; IH->S","IH",1
788,"king fig hiss min","coda","AE->F; IH->S","IH",1
910,"hin fik ming ghiss","coda","AE->F; IH->S","IH",1
2279,"nim fing hiss ghik","coda","AE->F; IH->S","IH",1
975,"hig king fin miss","coda","AE->F; IH->S","IH",1
1095,"hing fin ghik miss","coda","AE->F; IH->S","IH",1
473,"ghif nik hing miss","coda","AE->F; IH->S","IH",1
2439,"hik fing ghiss nim","coda","AE->F; IH->S","IH",1
995,"fiss him kig ning","coda","AE->F; IH->S","IH",1
2407,"miss hig ning fik","coda","AE->F; IH->S","IH",1
2174,"ghim fiss kin hing","coda","AE->F; IH->S","IH",1
2487,"kiss ming fin hig","coda","AE->F; IH->S","IH",1
2635,"him ghif ning kiss","coda","AE->F; IH->S","IH",1
130,"hing kig fin miss","coda","AE->F; IH->S","IH",1
2563,"mif king hig niss","coda","AE->F; IH->S","IH",1
451,"miss ning hif ghik","coda","AE->F; IH->S","IH",1
2747,"kim hiss ghif ning","coda","AE->F; IH->S","IH",1
2337,"ghim fin hing kiss","coda","AE->F; IH->S","IH",1
2843,"hik ning ghiss fim","coda","AE->F; IH->S","IH",1
1308,"kim hiss ghing fin","coda","AE->F; IH->S","IH",1
2401,"hing fiss kig min","coda","AE->F; IH->S","IH",1
590,"mig niss king hif","coda","AE->F; IH->S","IH",1
605,"ghim hik ning fiss","coda","AE->F; IH->S","IH",1
2965,"hig fing kin miss","coda","AE->F; IH->S","IH",1
1466,"hik min ghing fiss","coda","AE->F; IH->S","IH",1
1578,"hif ghik miss ning","coda","AE->F; IH->S","IH",1
1570,"hing ghin mif kiss","coda","AE->F; IH->S","IH",1
2899,"ghiss him fin king","coda","AE->F; IH->S","IH",1
1087,"hing miss ghif nik","coda","AE->F; IH->S","IH",1
429,"hing mik ghiss fin","coda","AE->F; IH->S","IH",1
738,"kiss fing hig nim","coda","AE->F; IH->S","IH",1
1916,"kim fing hig niss","coda","AE->F; IH->S","IH",1
332,"kif ghing hiss min","coda","AE->F; IH->S","IH",1
2209,"king min hiss ghif","coda","AE->F; IH->S","IH",1
2227,"hiss fing nim ghik","coda","AE->F; IH->S","IH",1
865,"kin mif hiss ghing","coda","AE->F; IH->S","IH",1
2052,"kig ning mif hiss","coda","AE->F; IH->S","IH",1
476,"hik niss fing ghim","coda","AE->F; IH->S","IH",1
2892,"ning mif hiss ghik","coda","AE->F; IH->S","IH",1
3065,"fig hin kiss ming","coda","AE->F; IH->S","IH",1
1075,"hig miss fik ning","coda","AE->F; IH->S","IH",1
330,"king min hig fiss","coda","AE->F; IH->S","IH",1
1692,"kif ming hiss ghin","coda","AE->F; IH->S","IH",1
2555,"ning fim ghik hiss","coda","AE->F; IH->S","IH",1
248,"ghin ming hiss fik","coda","AE->F; IH->S","IH",1
806,"hik ghiss ming fin","coda","AE->F; IH->S","IH",1
2783,"fim niss hing ghik","coda","AE->F; IH->S","IH",1
1160,"hiss ghing mik nif","coda","AE->F; IH->S","IH",1
1588,"nik ghiss hif ming","coda","AE->F; IH->S","IH",1
91,"ghing miss fin hik","coda","AE->F; IH->S","IH",1
88,"ghiss kif min hing","coda","AE->F; IH->S","IH",1
1531,"ghiss fing him kin","coda","AE->F; IH->S","IH",1
1528,"ming hiss fin kig","coda","AE->F; IH->S","IH",1
314,"hik fiss ning mig","coda","AE->F; IH->S","IH",1
1313,"hiss fik ning ghim","coda","AE->F; IH->S","IH",1
1975,"ghin kim fiss hing","coda","AE->F; IH->S","IH",1
413,"hig king fim niss","coda","AE->F; IH->S","IH",1
710,"ghing mik niss hif","coda","AE->F; IH->S","IH",1
666,"hik ghing nif miss","coda","AE->F; IH->S","IH",1
2222,"kig fin hiss ming","coda","AE->F; IH->S","IH",1
2106,"fing kiss hig min","coda","AE->F; IH->S","IH",1
1491,"hik fing ghiss min","coda","AE->F; IH->S","IH",1
877,"nik fiss hing ghim","coda","AE->F; IH->S","IH",1
1674,"nik fig miss hing","coda","AE->F; IH->S","IH",1
1140,"mig king nif hiss","coda","AE->F; IH->S","IH",1
692,"king hin fig miss","coda","AE->F; IH->S","IH",1
2063,"him niss fing kig","coda","AE->F; IH->S","IH",1
1270,"kig fim hiss ning","coda","AE->F; IH->S","IH",1
1273,"fik niss ghing him","coda","AE->F; IH->S","IH",1
431,"vang hak nag zam","coda","AE->F; IH->S","AE",2
1729,"van kag zang ham","coda","AE->F; IH->S","AE",2
1315,"gak haz mang van","coda","AE->F; IH->S","AE",2
839,"vang han maz kag","coda","AE->F; IH->S","AE",2
1807,"gan haz kam vang","coda","AE->F; IH->S","AE",2
1559,"gak vam hang naz","coda","AE->F; IH->S","AE",2
2991,"gaz hang vam kan","coda","AE->F; IH->S","AE",2
2707,"kam gaz hang van","coda","AE->F; IH->S","AE",2
2446,"nam vak gaz hang","coda","AE->F; IH->S","AE",2
1511,"gang han zak vam","coda","AE->F; IH->S","AE",2
2951,"kag van zam hang","coda","AE->F; IH->S","AE",2
259,"hag mang vaz kan","coda","AE->F; IH->S","AE",2
1575,"hang gaz mak van","coda","AE->F; IH->S","AE",2
2833,"vak maz gan hang","coda","AE->F; IH->S","AE",2
547,"mang zag van hak","coda","AE->F; IH->S","AE",2
2302,"ham zan gak vang","coda","AE->F; IH->S","AE",2
2561,"zang ham van kag","coda","AE->F; IH->S","AE",2
1297,"vang ham kaz gan","coda","AE->F; IH->S","AE",2
1442,"gan kang ham vaz","coda","AE->F; IH->S","AE",2
549,"mak zang van hag","coda","AE->F; IH->S","AE",2
2636,"zag vang kam han","coda","AE->F; IH->S","AE",2
1064,"hak vam gang naz","coda","AE->F; IH->S","AE",2
97,"gang naz vam hak","coda","AE->F; IH->S","AE",2
1334,"hag maz kan vang","coda","AE->F; IH->S","AE",2
2331,"haz mak van gang","coda","AE->F; IH->S","AE",2
1723,"gaz man vak hang","coda","AE->F; IH->S","AE",2
1069,"nang ham zag vak","coda","AE->F; IH->S","AE",2
3040,"hag vaz nang kam","coda","AE->F; IH->S","AE",2
2895,"nak vang ham gaz","coda","AE->F; IH->S","AE",2
325,"hag nang zak vam","coda","AE->F; IH->S","AE",2
1096,"haz vang nag kam","coda","AE->F; IH->S","AE",2
1379,"hak gam zan vang","coda","AE->F; IH->S","AE",2
2684,"hak zag mang van","coda","AE->F; IH->S","AE",2
388,"ham vang nak gaz","coda","AE->F; IH->S","AE",2
1956,"man vang zak hag","coda","AE->F; IH->S","AE",2
1700,"kam nang hag vaz","coda","AE->F; IH->S","AE",2
1186,"zam gan hang vak","coda","AE->F; IH->S","AE",2
2579,"mak gan haz vang","coda","AE->F; IH->S","AE",2
620,"vang han kag maz","coda","AE->F; IH->S","AE",2
3010,"zam van kang hag","coda","AE->F; IH->S","AE",2
2366,"nang haz vam kag","coda","AE->F; IH->S","AE",2
608,"vaz gan mak hang","coda","AE->F; IH->S","AE",2
249,"vang nag haz mak","coda","AE->F; IH->S","AE",2
2436,"mag vak nang haz","coda","AE->F; IH->S","AE",2
261,"han kam gang vaz","coda","AE->F; IH->S","AE",2
1594,"gak ham vaz nang","coda","AE->F; IH->S","AE",2
617,"hag vak zang man","coda","AE->F; IH->S","AE",2
216,"hag nam zang vak","coda","AE->F; IH->S","AE",2
1848,"vak nam gaz hang","coda","AE->F; IH->S","AE",2
647,"vam kang haz gan","coda","AE->F; IH->S","AE",2
478,"hak mag zan vang","coda","AE->F; IH->S","AE",2
161,"naz vang kam hag","coda","AE->F; IH->S","AE",2
2905,"van hang gak zam","coda","AE->F; IH->S","AE",2
1012,"hang maz nag vak","coda","AE->F; IH->S","AE",2
2927,"zang mag han vak","coda","AE->F; IH->S","AE",2
982,"zag han mak vang","coda","AE->F; IH->S","AE",2
567,"hag kan mang vaz","coda","AE->F; IH->S","AE",2
2946,"zam nang vak hag","coda","AE->F; IH->S","AE",2
1865,"naz vak hang mag","coda","AE->F; IH->S","AE",2
1426,"ham zang van gak","coda","AE->F; IH->S","AE",2
934,"vaz mang han kag","coda","AE->F; IH->S","AE",2
914,"gaz han vang kam","coda","AE->F; IH->S","AE",2
2204,"vam kang hag naz","coda","AE->F; IH->S","AE",2
1696,"hag zan vak mang","coda","AE->F; IH->S","AE",2
907,"kang vam naz hag","coda","AE->F; IH->S","AE",2
186,"gan vam kang haz","coda","AE->F; IH->S","AE",2
1206,"vang kag naz ham","coda","AE->F; IH->S","AE",2
2239,"vang kam han gaz","coda","AE->F; IH->S","AE",2
2226,"mak gaz vang han","coda","AE->F; IH->S","AE",2
1124,"gaz man hak vang","coda","AE->F; IH->S","AE",2
2038,"vam gang han kaz","coda","AE->F; IH->S","AE",2
1846,"gang zak ham van","coda","AE->F; IH->S","AE",2
1058,"gan maz vak hang","coda","AE->F; IH->S","AE",2
2729,"vam nang gak haz","coda","AE->F; IH->S","AE",2
196,"nang gam vaz hak","coda","AE->F; IH->S","AE",2
165,"vang zak gan ham","coda","AE->F; IH->S","AE",2
96,"mag hang vak naz","coda","AE->F; IH->S","AE",2
140,"kaz vang gam han","coda","AE->F; IH->S","AE",2
3042,"ham vak nang gaz","coda","AE->F; IH->S","AE",2
2178,"hag zan kang vam","coda","AE->F; IH->S","AE",2
534,"hang gan maz vak","coda","AE->F; IH->S","AE",2
1601,"mag han vaz kang","coda","AE->F; IH->S","AE",2
2027,"naz kag vang ham","coda","AE->F; IH->S","AE",2
2748,"haz mang gak van","coda","AE->F; IH->S","AE",2
2035,"gan vam hang zak","coda","AE->F; IH->S","AE",2
312,"mak zan hag vang","coda","AE->F; IH->S","AE",2
792,"gaz vam kang han","coda","AE->F; IH->S","AE",2
2367,"gak ham van zang","coda","AE->F; IH->S","AE",2
1630,"maz vak hang gan","coda","AE->F; IH->S","AE",2
2996,"kang man hag vaz","coda","AE->F; IH->S","AE",2
2054,"zan hang gam vak","coda","AE->F; IH->S","AE",2
1473,"kag zan hang vam","coda","AE->F; IH->S","AE",2
1555,"naz gang vam hak","coda","AE->F; IH->S","AE",2
546,"hang gan zak vam","coda","AE->F; IH->S","AE",2
734,"gaz ham nang vak","coda","AE->F; IH->S","AE",2
1818,"nam hang gak vaz","coda","AE->F; IH->S","AE",2
499,"vig zim ning hik","coda","AE->F; IH->S","IH",2
1992,"mik ziv hin ghing","coda","AE->F; IH->S","IH",2
1641,"hing zik mig niv","coda","AE->F; IH->S","IH",2
2149,"kig hing zin miv","coda","AE->F; IH->S","IH",2
2181,"hin zim kiv ghing","coda","AE->F; IH->S","IH",2
47,"hig mik ning ziv","coda","AE->F; IH->S","IH",2
1054,"zik hiv ning mig","coda","AE->F; IH->S","IH",2
55,"zin hik ming vig","coda","AE->F; IH->S","IH",2
2153,"zim vig hik ning","coda","AE->F; IH->S","IH",2
503,"kin vim zing hig","coda","AE->F; IH->S","IH",2
1907,"zig nim ving hik","coda","AE->F; IH->S","IH",2
518,"hiv zin ghim king","coda","AE->F; IH->S","IH",2
1792,"ning kig him ziv","coda","AE->F; IH->S","IH",2
2092,"vin zik hing mig","coda","AE->F; IH->S","IH",2
2040,"zing hig mik niv","coda","AE->F; IH->S","IH",2
1209,"zim ning vik hig","coda","AE->F; IH->S","IH",2
1857,"hig ving zim nik","coda","AE->F; IH->S","IH",2
34,"vim ghing zik hin","coda","AE->F; IH->S","IH",2
3,"ghik zim hiv ning","coda","AE->F; IH->S","IH",2
2626,"vik hig ming zin","coda","AE->F; IH->S","IH",2
2489,"zing hiv ghin mik","coda","AE->F; IH->S","IH",2
2980,"hiv ghing mik zin","coda","AE->F; IH->S","IH",2
2397,"zin ving ghik him","coda","AE->F; IH->S","IH",2
2461,"kim hing vig zin","coda","AE->F; IH->S","IH",2
2524,"hik vin zing mig","coda","AE->F; IH->S","IH",2
1755,"nim ghik ziv hing","coda","AE->F; IH->S","IH",2
1839,"vim zig hing nik","coda","AE->F; IH->S","IH",2
1063,"zig vin kim hing","coda","AE->F; IH->S","IH",2
522,"zing nik hig vim","coda","AE->F; IH->S","IH",2
1786,"vik zig him ning","coda","AE->F; IH->S","IH",2
68,"zik vig nim hing","coda","AE->F; IH->S","IH",2
831,"zig ming hiv nik","coda","AE->F; IH->S","IH",2
2513,"hiv ghin ming zik","coda","AE->F; IH->S","IH",2
2369,"mig king ziv hin","coda","AE->F; IH->S","IH",2
2690,"hing kin ghiv zim","coda","AE->F; IH->S","IH",2
1274,"nim ghing ziv hik","coda","AE->F; IH->S","IH",2
1969,"ning vim zik hig","coda","AE->F; IH->S","IH",2
1781,"hiv ghin king zim","coda","AE->F; IH->S","IH",2
2912,"zig him vik ning","coda","AE->F; IH->S","IH",2
376,"hing ghin zim kiv","coda","AE->F; IH->S","IH",2
2143,"ning hik ziv ghim","coda","AE->F; IH->S","IH",2
1129,"hing mik zin ghiv","coda","AE->F; IH->S","IH",2
1611,"him vig king zin","coda","AE->F; IH->S","IH",2
258,"hik zig ving min","coda","AE->F; IH->S","IH",2
53,"vim hing zig nik","coda","AE->F; IH->S","IH",2
2375,"nim kig hing ziv","coda","AE->F; IH->S","IH",2
1707,"kig hing ziv nim","coda","AE->F; IH->S","IH",2
1750,"nik ming hig ziv","coda","AE->F; IH->S","IH",2
1364,"min ziv ghing hik","coda","AE->F; IH->S","IH",2
2711,"zin king hiv mig","coda","AE->F; IH->S","IH",2
146,"zin vik hing ghim","coda","AE->F; IH->S","IH",2
137,"hin ghik zing vim","coda","AE->F; IH->S","IH",2
2452,"king zin ghiv him","coda","AE->F; IH->S","IH",2
111,"ziv hig mik ning","coda","AE->F; IH->S","IH",2
2179,"him king zig vin","coda","AE->F; IH->S","IH",2
571,"miv hig nik zing","coda","AE->F; IH->S","IH",2
871,"vik zig min hing","coda","AE->F; IH->S","IH",2
999,"kim zing hig niv","coda","AE->F; IH->S","IH",2
691,"nik zing hiv ghim","coda","AE->F; IH->S","IH",2
336,"zim king ghiv hin","coda","AE->F; IH->S","IH",2
2191,"hing zin vik ghim","coda","AE->F; IH->S","IH",2
3066,"hing zim niv kig","coda","AE->F; IH->S","IH",2
338,"ghing zin hik miv","coda","AE->F; IH->S","IH",2
1541,"ziv ghing him nik","coda","AE->F; IH->S","IH",2
1930,"him vin kig zing","coda","AE->F; IH->S","IH",2
1571,"hing kin vim zig","coda","AE->F; IH->S","IH",2
544,"hig ming zik niv","coda","AE->F; IH->S","IH",2
545,"vim hik ghin zing","coda","AE->F; IH->S","IH",2
2598,"him niv zing ghik","coda","AE->F; IH->S","IH",2
1498,"kim hig zin ving","coda","AE->F; IH->S","IH",2
1526,"nim hiv zing ghik","coda","AE->F; IH->S","IH",2
1529,"nim zik vig hing","coda","AE->F; IH->S","IH",2
1516,"hing vig zik min","coda","AE->F; IH->S","IH",2
84,"ziv kig hing nim","coda","AE->F; IH->S","IH",2
1914,"hik vin zim ghing","coda","AE->F; IH->S","IH",2
2853,"hing ghim kiv zin","coda","AE->F; IH->S","IH",2
2700,"ghim ziv ning hik","coda","AE->F; IH->S","IH",2
1214,"ming vin zig hik","coda","AE->F; IH->S","IH",2
1185,"ving min zig hik","coda","AE->F; IH->S","IH",2
1050,"him kin vig zing","coda","AE->F; IH->S","IH",2
2414,"hik zim ghiv ning","coda","AE->F; IH->S","IH",2
1290,"niv hig zing mik","coda","AE->F; IH->S","IH",2
1241,"vik zig ning him","coda","AE->F; IH->S","IH",2
2803,"ziv min ghik hing","coda","AE->F; IH->S","IH",2
2992,"zik hiv ming ghin","coda","AE->F; IH->S","IH",2
820,"vim kin zig hing","coda","AE->F; IH->S","IH",2
1103,"zing hig min vik","coda","AE->F; IH->S","IH",2
1388,"kim hin zing ghiv","coda","AE->F; IH->S","IH",2
1574,"kin hiv zig ming","coda","AE->F; IH->S","IH",2
2479,"hing zig mik vin","coda","AE->F; IH->S","IH",2
1595,"zig niv ming hik","coda","AE->F; IH->S","IH",2
2765,"zin ghing hiv mik","coda","AE->F; IH->S","IH",2
87,"zik ghim hin ving","coda","AE->F; IH->S","IH",2
2558,"ghing ziv him kin","coda","AE->F; IH->S","IH",2
1863,"zik hing vig nim","coda","AE->F; IH->S","IH",2
1661,"zik hig ving nim","coda","AE->F; IH->S","IH",2
2789,"hang gass nam kaf","coda","AE->S; IH->F","AE",1
2810,"ham gang nass fak","coda","AE->S; IH->F","AE",1
358,"kam fass hang gan","coda","AE->S; IH->F","AE",1
1457,"fang hass man gak","coda","AE->S; IH->F","AE",1
757,"nak gass mang haf","coda","AE->S; IH->F","AE",1
2193,"man fang kag hass","coda","AE->S; IH->F","AE",1
141,"hak gass naf mang","coda","AE->S; IH->F","AE",1
1283,"haf gass kam nang","coda","AE->S; IH->F","AE",1
512,"gaf mang nass hak","coda","AE->S; IH->F","AE",1
1389,"fass mak han gang","coda","AE->S; IH->F","AE",1
1539,"mak gass fang han","coda","AE->S; IH->F","AE",1
1062,"hang nag kam fass","coda","AE->S; IH->F","AE",1
11,"maf gang kass han","coda","AE->S; IH->F","AE",1
2537,"kan gass hang fam","coda","AE->S; IH->F","AE",1
1222,"mang hag kan fass","coda","AE->S; IH->F","AE",1
1961,"nag fass ham kang","coda","AE->S; IH->F","AE",1
2694,"han kaf mass gang","coda","AE->S; IH->F","AE",1
641,"naf gam hang kass","coda","AE->S; IH->F","AE",1
1264,"nang fam kag hass","coda","AE->S; IH->F","AE",1
162,"gang fan hass kam","coda","AE->S; IH->F","AE",1
2320,"mang han fak gass","coda","AE->S; IH->F","AE",1
1405,"gang mak fan hass","coda","AE->S; IH->F","AE",1
166,"hass nam fang kag","coda","AE->S; IH->F","AE",1
2168,"han fass gam kang","coda","AE->S; IH->F","AE",1
458,"fass kam gan hang","coda","AE->S; IH->F","AE",1
2296,"hag mang nak fass","coda","AE->S; IH->F","AE",1
2314,"han gang fam kass","coda","AE->S; IH->F","AE",1
2981,"gak hang fass man","coda","AE->S; IH->F","AE",1
556,"hag fass kang man","coda","AE->S; IH->F","AE",1
1888,"hag kass nam fang","coda","AE->S; IH->F","AE",1
422,"haf nass mag kang","coda","AE->S; IH->F","AE",1
1815,"naf ham gass kang","coda","AE->S; IH->F","AE",1
1143,"naf kang hass mag","coda","AE->S; IH->F","AE",1
2628,"maf gass kan hang","coda","AE->S; IH->F","AE",1
1603,"mag nass kaf hang","coda","AE->S; IH->F","AE",1
1814,"fak hang gam nass","coda","AE->S; IH->F","AE",1
526,"nang gaf mak hass","coda","AE->S; IH->F","AE",1
2156,"gang nam hak fass","coda","AE->S; IH->F","AE",1
1255,"haf nass gam kang","coda","AE->S; IH->F","AE",1
1148,"fam gass han kang","coda","AE->S; IH->F","AE",1
2624,"kang haf nass mag","coda","AE->S; IH->F","AE",1
2894,"nam hak gass fang","coda","AE->S; IH->F","AE",1
257,"gak haf nass mang","coda","AE->S; IH->F","AE",1
614,"gass hang nak maf","coda","AE->S; IH->F","AE",1
2614,"fang hass gam nak","coda","AE->S; IH->F","AE",1
2171,"hag nang fass kam","coda","AE->S; IH->F","AE",1
2218,"fam kan gang hass","coda","AE->S; IH->F","AE",1
790,"ham fan gang kass","coda","AE->S; IH->F","AE",1
1236,"nak mag fass hang","coda","AE->S; IH->F","AE",1
714,"haf nass kang mag","coda","AE->S; IH->F","AE",1
1633,"hag nass kang fam","coda","AE->S; IH->F","AE",1
2480,"gaf mass nak hang","coda","AE->S; IH->F","AE",1
403,"gass kan maf hang","coda","AE->S; IH->F","AE",1
2884,"fam kag nass hang","coda","AE->S; IH->F","AE",1
2382,"gan fass hang mak","coda","AE->S; IH->F","AE",1
2836,"kam nag hang fass","coda","AE->S; IH->F","AE",1
377,"kag nass hang maf","coda","AE->S; IH->F","AE",1
1697,"hass gak nang fam","coda","AE->S; IH->F","AE",1
213,"fang gam hass kan","coda","AE->S; IH->F","AE",1
2559,"nang hass mag fak","coda","AE->S; IH->F","AE",1
1999,"mag kass naf hang","coda","AE->S; IH->F","AE",1
2631,"naf kam gang hass","coda","AE->S; IH->F","AE",1
2086,"gak hang man fass","coda","AE->S; IH->F","AE",1
2593,"mass haf gang nak","coda","AE->S; IH->F","AE",1
2708,"naf mass hag kang","coda","AE->S; IH->F","AE",1
744,"fang hass kan mag","coda","AE->S; IH->F","AE",1
2404,"kaf nang mag hass","coda","AE->S; IH->F","AE",1
814,"fak mang hass nag","coda","AE->S; IH->F","AE",1
1569,"nang kaf gam hass","coda","AE->S; IH->F","AE",1
2029,"mang nag hass fak","coda","AE->S; IH->F","AE",1
879,"nak hass fam gang","coda","AE->S; IH->F","AE",1
1945,"fam hag kass nang","coda","AE->S; IH->F","AE",1
1838,"naf gass hang kam","coda","AE->S; IH->F","AE",1
56,"gang haf nass mak","coda","AE->S; IH->F","AE",1
1713,"gan fam hass kang","coda","AE->S; IH->F","AE",1
59,"hak nag mass fang","coda","AE->S; IH->F","AE",1
2780,"gaf kass han mang","coda","AE->S; IH->F","AE",1
773,"haf gang nak mass","coda","AE->S; IH->F","AE",1
2469,"gass nang ham kaf","coda","AE->S; IH->F","AE",1
3033,"fam nang hass kag","coda","AE->S; IH->F","AE",1
2389,"hang kass fam gan","coda","AE->S; IH->F","AE",1
855,"gam hak fang nass","coda","AE->S; IH->F","AE",1
1774,"kan ham fang gass","coda","AE->S; IH->F","AE",1
2301,"kan gam hang fass","coda","AE->S; IH->F","AE",1
490,"fak mang hag nass","coda","AE->S; IH->F","AE",1
764,"kag hang fam nass","coda","AE->S; IH->F","AE",1
2355,"kass fan mag hang","coda","AE->S; IH->F","AE",1
532,"gass nang fam hak","coda","AE->S; IH->F","AE",1
1716,"kang maf gan hass","coda","AE->S; IH->F","AE",1
669,"gaf kang nam hass","coda","AE->S; IH->F","AE",1
2460,"nass kam fang hag","coda","AE->S; IH->F","AE",1
2654,"nass gang kaf ham","coda","AE->S; IH->F","AE",1
2387,"hag fass nang mak","coda","AE->S; IH->F","AE",1
1804,"nag fang hak mass","coda","AE->S; IH->F","AE",1
2887,"fang hak gam nass","coda","AE->S; IH->F","AE",1
1100,"nang gam hass fak","coda","AE->S; IH->F","AE",1
2918,"nik hig sing mif","coda","AE->S; IH->F","IH",1
2791,"hif sig ming kin","coda","AE->S; IH->F","IH",1
1316,"hing sim kif ghin","coda","AE->S; IH->F","IH",1
391,"hing kiss ghim nif","coda","AE->S; IH->F","IH",1
2003,"sik hig ning mif","coda","AE->S; IH->F","IH",1
417,"king ghif niss him","coda","AE->S; IH->F","IH",1
368,"sik nif hig ming","coda","AE->S; IH->F","IH",1
2201,"ghing him sif nik","coda","AE->S; IH->F","IH",1
1565,"sik hing min ghif","coda","AE->S; IH->F","IH",1
2516,"sim nif hing kig","coda","AE->S; IH->F","IH",1
2630,"mif niss hing ghik","coda","AE->S; IH->F","IH",1
1878,"miss kif ghing hin","coda","AE->S; IH->F","IH",1
342,"nif hig ming kiss","coda","AE->S; IH->F","IH",1
1391,"ning hik mig sif","coda","AE->S; IH->F","IH",1
2917,"mik sing hig nif","coda","AE->S; IH->F","IH",1
1317,"nif sing him kig","coda","AE->S; IH->F","IH",1
2966,"mik hif ghin sing","coda","AE->S; IH->F","IH",1
1200,"kiss hig ning mif","coda","AE->S; IH->F","IH",1
2033,"mik sif ghin hing","coda","AE->S; IH->F","IH",1
2779,"hing ghif niss mik","coda","AE->S; IH->F","IH",1
2018,"hing kig sim nif","coda","AE->S; IH->F","IH",1
1812,"ming hin ghik sif","coda","AE->S; IH->F","IH",1
504,"nim hiss ghing kif","coda","AE->S; IH->F","IH",1
1130,"sif king hig min","coda","AE->S; IH->F","IH",1
980,"hif ming ghik niss","coda","AE->S; IH->F","IH",1
2701,"hik miss nif ghing","coda","AE->S; IH->F","IH",1
1940,"hing mif kiss ghin","coda","AE->S; IH->F","IH",1
187,"hig sim kif ning","coda","AE->S; IH->F","IH",1
2012,"hig mif kiss ning","coda","AE->S; IH->F","IH",1
1354,"miss ning ghif hik","coda","AE->S; IH->F","IH",1
1542,"hig kif ming sin","coda","AE->S; IH->F","IH",1
232,"hig sing kif min","coda","AE->S; IH->F","IH",1
1314,"ning hiss mif ghik","coda","AE->S; IH->F","IH",1
2265,"ghin hif sing mik","coda","AE->S; IH->F","IH",1
1618,"nif sing mig hik","coda","AE->S; IH->F","IH",1
771,"ghim nif sing hik","coda","AE->S; IH->F","IH",1
708,"hig sif ning mik","coda","AE->S; IH->F","IH",1
1886,"ghif nik miss hing","coda","AE->S; IH->F","IH",1
1428,"nik ghif him sing","coda","AE->S; IH->F","IH",1
1061,"ghik hif ming sin","coda","AE->S; IH->F","IH",1
1397,"ghiss king mif hin","coda","AE->S; IH->F","IH",1
1829,"king sif ghim hin","coda","AE->S; IH->F","IH",1
519,"nik hif sing mig","coda","AE->S; IH->F","IH",1
2858,"sing min hif ghik","coda","AE->S; IH->F","IH",1
360,"ghim kif hing niss","coda","AE->S; IH->F","IH",1
2077,"kiss ghing mif hin","coda","AE->S; IH->F","IH",1
1822,"hiss king min ghif","coda","AE->S; IH->F","IH",1
122,"ghin mif kiss hing","coda","AE->S; IH->F","IH",1
1527,"sif hing nik mig","coda","AE->S; IH->F","IH",1
2629,"ghif kim sin hing","coda","AE->S; IH->F","IH",1
2704,"kim ghing niss hif","coda","AE->S; IH->F","IH",1
891,"mif ghiss ning hik","coda","AE->S; IH->F","IH",1
482,"mig kif hiss ning","coda","AE->S; IH->F","IH",1
182,"mig sif hing nik","coda","AE->S; IH->F","IH",1
667,"niss hif kig ming","coda","AE->S; IH->F","IH",1
2394,"sif kim hig ning","coda","AE->S; IH->F","IH",1
459,"mif hik ghiss ning","coda","AE->S; IH->F","IH",1
654,"mik ghing sin hif","coda","AE->S; IH->F","IH",1
1952,"hig sin king mif","coda","AE->S; IH->F","IH",1
900,"sin ghing kim hif","coda","AE->S; IH->F","IH",1
1960,"ghing hiss min kif","coda","AE->S; IH->F","IH",1
913,"nim sing hif ghik","coda","AE->S; IH->F","IH",1
1819,"kin hing miss ghif","coda","AE->S; IH->F","IH",1
739,"hing mif nik ghiss","coda","AE->S; IH->F","IH",1
794,"ming sig hin kif","coda","AE->S; IH->F","IH",1
751,"hing ghif kin miss","coda","AE->S; IH->F","IH",1
2896,"nif mig sik hing","coda","AE->S; IH->F","IH",1
178,"ghif mik hiss ning","coda","AE->S; IH->F","IH",1
2475,"ghiss nim hif king","coda","AE->S; IH->F","IH",1
523,"sik ghif ning him","coda","AE->S; IH->F","IH",1
1132,"sin hing kif mig","coda","AE->S; IH->F","IH",1
717,"kim sif hin ghing","coda","AE->S; IH->F","IH",1
494,"sif nik ming hig","coda","AE->S; IH->F","IH",1
1711,"hif ghiss king min","coda","AE->S; IH->F","IH",1
815,"hik sin mif ghing","coda","AE->S; IH->F","IH",1
453,"sif kin him ghing","coda","AE->S; IH->F","IH",1
2253,"sif ghing kim hin","coda","AE->S; IH->F","IH",1
2826,"ghing kiss min hif","coda","AE->S; IH->F","IH",1
1984,"mig nif hing sik","coda","AE->S; IH->F","IH",1
1665,"sig nik hif ming","coda","AE->S; IH->F","IH",1
973,"sing mif hig nik","coda","AE->S; IH->F","IH",1
1000,"kiss ghin mif hing","coda","AE->S; IH->F","IH",1
962,"hing kig sin mif","coda","AE->S; IH->F","IH",1
2861,"kig hif sim ning","coda","AE->S; IH->F","IH",1
602,"ghif him king sin","coda","AE->S; IH->F","IH",1
1589,"kif hing ghiss nim","coda","AE->S; IH->F","IH",1
2580,"ghik ning hif sim","coda","AE->S; IH->F","IH",1
2467,"min ghing hif kiss","coda","AE->S; IH->F","IH",1
1810,"kig ning mif hiss","coda","AE->S; IH->F","IH",1
892,"min kif hiss ghing","coda","AE->S; IH->F","IH",1
1562,"min sing kif hig","coda","AE->S; IH->F","IH",1
1195,"ghim kiss ning hif","coda","AE->S; IH->F","IH",1
2768,"min ghik sing hif","coda","AE->S; IH->F","IH",1
1070,"kin hiss ming ghif","coda","AE->S; IH->F","IH",1
1212,"miss kif ghin hing","coda","AE->S; IH->F","IH",1
938,"hin kif mig sing","coda","AE->S; IH->F","IH",1
1347,"kan zam hav gang","coda","AE->S; IH->F","AE",2
21,"kav zag mang han","coda","AE->S; IH->F","AE",2
1053,"vam han gang zak","coda","AE->S; IH->F","AE",2
419,"vak nam hang zag","coda","AE->S; IH->F","AE",2
1057,"zav gan kam hang","coda","AE->S; IH->F","AE",2
1402,"mang zag hak van","coda","AE->S; IH->F","AE",2
1600,"nag mav hak zang","coda","AE->S; IH->F","AE",2
1982,"kag hav nam zang","coda","AE->S; IH->F","AE",2
2295,"zav gak mang han","coda","AE->S; IH->F","AE",2
1394,"kang ham zav gan","coda","AE->S; IH->F","AE",2
2258,"kang han vam zag","coda","AE->S; IH->F","AE",2
2162,"hak nag zang vam","coda","AE->S; IH->F","AE",2
2808,"zag hak nav mang","coda","AE->S; IH->F","AE",2
278,"han kang gam zav","coda","AE->S; IH->F","AE",2
2959,"hag kav mang zan","coda","AE->S; IH->F","AE",2
2617,"ham gan zav kang","coda","AE->S; IH->F","AE",2
2244,"hang zan kav mag","coda","AE->S; IH->F","AE",2
1387,"zak gav hang man","coda","AE->S; IH->F","AE",2
1013,"nang mag hav zak","coda","AE->S; IH->F","AE",2
678,"kam gan hav zang","coda","AE->S; IH->F","AE",2
1151,"zak vam gang han","coda","AE->S; IH->F","AE",2
2686,"nag hak zav mang","coda","AE->S; IH->F","AE",2
1284,"zam vak hang nag","coda","AE->S; IH->F","AE",2
2495,"gan zam vak hang","coda","AE->S; IH->F","AE",2
86,"kam nang hav zag","coda","AE->S; IH->F","AE",2
221,"zan vang hag mak","coda","AE->S; IH->F","AE",2
916,"han vang gam zak","coda","AE->S; IH->F","AE",2
2584,"ham nang zav gak","coda","AE->S; IH->F","AE",2
2065,"zang gan kav ham","coda","AE->S; IH->F","AE",2
3007,"hang zag nav kam","coda","AE->S; IH->F","AE",2
1412,"mav hak zang gan","coda","AE->S; IH->F","AE",2
1266,"zak vang han mag","coda","AE->S; IH->F","AE",2
1654,"zam gak hang van","coda","AE->S; IH->F","AE",2
1102,"nang zam gak hav","coda","AE->S; IH->F","AE",2
1462,"zang gam vak han","coda","AE->S; IH->F","AE",2
1710,"mag hang zav nak","coda","AE->S; IH->F","AE",2
224,"zag nak hang mav","coda","AE->S; IH->F","AE",2
1799,"zag van hang mak","coda","AE->S; IH->F","AE",2
1851,"hav zang mak gan","coda","AE->S; IH->F","AE",2
930,"zang hav nam kag","coda","AE->S; IH->F","AE",2
37,"nang hag mak zav","coda","AE->S; IH->F","AE",2
463,"hag kam nang zav","coda","AE->S; IH->F","AE",2
644,"vang mag zan hak","coda","AE->S; IH->F","AE",2
214,"zang gam hak nav","coda","AE->S; IH->F","AE",2
3019,"hang gav mak zan","coda","AE->S; IH->F","AE",2
996,"man hang zak gav","coda","AE->S; IH->F","AE",2
1813,"kav han mang zag","coda","AE->S; IH->F","AE",2
1093,"zan vam hang gak","coda","AE->S; IH->F","AE",2
1544,"nang gam zav hak","coda","AE->S; IH->F","AE",2
1447,"zang nak mav hag","coda","AE->S; IH->F","AE",2
2299,"vam zan gak hang","coda","AE->S; IH->F","AE",2
1179,"kang man hag zav","coda","AE->S; IH->F","AE",2
244,"gav mak zan hang","coda","AE->S; IH->F","AE",2
157,"zan hang vak mag","coda","AE->S; IH->F","AE",2
430,"mang van zag hak","coda","AE->S; IH->F","AE",2
597,"nam hang zav gak","coda","AE->S; IH->F","AE",2
1624,"gak zav ham nang","coda","AE->S; IH->F","AE",2
610,"hak zag vam nang","coda","AE->S; IH->F","AE",2
2718,"ham zak nag vang","coda","AE->S; IH->F","AE",2
2249,"han kang gav zam","coda","AE->S; IH->F","AE",2
2596,"zag han mav kang","coda","AE->S; IH->F","AE",2
1715,"zav kam hang gan","coda","AE->S; IH->F","AE",2
1510,"kag hang zav man","coda","AE->S; IH->F","AE",2
349,"van gang ham zak","coda","AE->S; IH->F","AE",2
1793,"nav zag hang mak","coda","AE->S; IH->F","AE",2
2644,"zang hag nam kav","coda","AE->S; IH->F","AE",2
1292,"hang kag zam van","coda","AE->S; IH->F","AE",2
2172,"hav zak mang nag","coda","AE->S; IH->F","AE",2
2105,"mang han zag kav","coda","AE->S; IH->F","AE",2
2019,"zag vang han mak","coda","AE->S; IH->F","AE",2
2679,"zav kam gan hang","coda","AE->S; IH->F","AE",2
287,"mang zag vak han","coda","AE->S; IH->F","AE",2
1074,"mang van hak zag","coda","AE->S; IH->F","AE",2
976,"hang gak van zam","coda","AE->S; IH->F","AE",2
1895,"hak zam nag vang","coda","AE->S; IH->F","AE",2
399,"zak hag mav nang","coda","AE->S; IH->F","AE",2
1097,"ham zav gang nak","coda","AE->S; IH->F","AE",2
2212,"zan vang hag kam","coda","AE->S; IH->F","AE",2
1028,"zang ham van kag","coda","AE->S; IH->F","AE",2
3056,"zag mak hang van","coda","AE->S; IH->F","AE",2
40,"kan hav mang zag","coda","AE->S; IH->F","AE",2
921,"nak mang hag zav","coda","AE->S; IH->F","AE",2
650,"nang zav ham kag","coda","AE->S; IH->F","AE",2
2772,"gak zam nang hav","coda","AE->S; IH->F","AE",2
2313,"ham zan gav kang","coda","AE->S; IH->F","AE",2
385,"zang vam kag han","coda","AE->S; IH->F","AE",2
505,"nav zam hak gang","coda","AE->S; IH->F","AE",2
1351,"zag nam hav kang","coda","AE->S; IH->F","AE",2
2348,"hang nak gav zam","coda","AE->S; IH->F","AE",2
318,"han kang vam zag","coda","AE->S; IH->F","AE",2
1756,"kang mav hag zan","coda","AE->S; IH->F","AE",2
272,"hang zak man gav","coda","AE->S; IH->F","AE",2
2043,"nang zak mag hav","coda","AE->S; IH->F","AE",2
2100,"hag kang zav man","coda","AE->S; IH->F","AE",2
2243,"hang zag nav mak","coda","AE->S; IH->F","AE",2
94,"zam hak gang van","coda","AE->S; IH->F","AE",2
2989,"him zik ghing vin","coda","AE->S; IH->F","IH",2
1811,"hik ghiz ving nim","coda","AE->S; IH->F","IH",2
1392,"nim zig ving hik","coda","AE->S; IH->F","IH",2
2713,"hik niz ghim ving","coda","AE->S; IH->F","IH",2
1127,"hing vin ghik zim","coda","AE->S; IH->F","IH",2
2306,"zin kig him ving","coda","AE->S; IH->F","IH",2
1227,"zing hig vin kim","coda","AE->S; IH->F","IH",2
2974,"kin viz hig ming","coda","AE->S; IH->F","IH",2
2039,"viz hig ming nik","coda","AE->S; IH->F","IH",2
618,"hig vim ning kiz","coda","AE->S; IH->F","IH",2
2653,"hik ghin vim zing","coda","AE->S; IH->F","IH",2
2971,"vik mig hing niz","coda","AE->S; IH->F","IH",2
1286,"vig zim hin king","coda","AE->S; IH->F","IH",2
1073,"zing vim ghik hin","coda","AE->S; IH->F","IH",2
406,"hik vig zing min","coda","AE->S; IH->F","IH",2
1626,"hik ving min zig","coda","AE->S; IH->F","IH",2
2641,"vim hing ghik niz","coda","AE->S; IH->F","IH",2
1393,"kiz hin ghing vim","coda","AE->S; IH->F","IH",2
1678,"vin hik zing mig","coda","AE->S; IH->F","IH",2
1621,"hik ming vig zin","coda","AE->S; IH->F","IH",2
2763,"kin hing mig viz","coda","AE->S; IH->F","IH",2
2822,"hig miz nik ving","coda","AE->S; IH->F","IH",2
726,"hig ming zin vik","coda","AE->S; IH->F","IH",2
241,"kig nim ving hiz","coda","AE->S; IH->F","IH",2
1795,"ming niz vik hig","coda","AE->S; IH->F","IH",2
2252,"nik ving zim hig","coda","AE->S; IH->F","IH",2
1751,"vig kim hiz ning","coda","AE->S; IH->F","IH",2
1110,"hig vin zing mik","coda","AE->S; IH->F","IH",2
2074,"hing kig vin miz","coda","AE->S; IH->F","IH",2
1248,"ving him ghiz nik","coda","AE->S; IH->F","IH",2
1358,"nik vim zing hig","coda","AE->S; IH->F","IH",2
2953,"zik min vig hing","coda","AE->S; IH->F","IH",2
2408,"king him vin ghiz","coda","AE->S; IH->F","IH",2
2945,"hing ghin kim viz","coda","AE->S; IH->F","IH",2
204,"zim nik ving hig","coda","AE->S; IH->F","IH",2
138,"zing vig him kin","coda","AE->S; IH->F","IH",2
893,"kiz hin ving mig","coda","AE->S; IH->F","IH",2
2954,"zik ghim hin ving","coda","AE->S; IH->F","IH",2
471,"min hik ghiz ving","coda","AE->S; IH->F","IH",2
1859,"ghim hik ning viz","coda","AE->S; IH->F","IH",2
2183,"viz kim hing ghin","coda","AE->S; IH->F","IH",2
179,"him vik ning zig","coda","AE->S; IH->F","IH",2
1500,"hiz ving nik ghim","coda","AE->S; IH->F","IH",2
2282,"kim niz vig hing","coda","AE->S; IH->F","IH",2
2465,"vin zing ghik him","coda","AE->S; IH->F","IH",2
2521,"zim hin ghik ving","coda","AE->S; IH->F","IH",2
783,"hing zin ghim vik","coda","AE->S; IH->F","IH",2
992,"ming zig vik hin","coda","AE->S; IH->F","IH",2
575,"kig him vin zing","coda","AE->S; IH->F","IH",2
977,"ning hiz mig vik","coda","AE->S; IH->F","IH",2
2125,"hik zim ning vig","coda","AE->S; IH->F","IH",2
3070,"niz hing kim vig","coda","AE->S; IH->F","IH",2
292,"nim viz hik ghing","coda","AE->S; IH->F","IH",2
2263,"ghim hing vin kiz","coda","AE->S; IH->F","IH",2
1478,"hig zim kin ving","coda","AE->S; IH->F","IH",2
1759,"ghiz hik ving min","coda","AE->S; IH->F","IH",2
2993,"ghiz ming hik vin","coda","AE->S; IH->F","IH",2
2550,"nik ghiz hing vim","coda","AE->S; IH->F","IH",2
2247,"vim niz hing ghik","coda","AE->S; IH->F","IH",2
746,"ghik vim hin zing","coda","AE->S; IH->F","IH",2
592,"ghim viz hik ning","coda","AE->S; IH->F","IH",2
2847,"nim hing ghiz vik","coda","AE->S; IH->F","IH",2
2586,"hing zik vim ghin","coda","AE->S; IH->F","IH",2
1025,"vim hig ning kiz","coda","AE->S; IH->F","IH",2
3018,"miz vik ghing hin","coda","AE->S; IH->F","IH",2
2796,"viz hig ming kin","coda","AE->S; IH->F","IH",2
1147,"nim ving ghik hiz","coda","AE->S; IH->F","IH",2
1870,"zik ghin vim hing","coda","AE->S; IH->F","IH",2
1180,"vin hig zing mik","coda","AE->S; IH->F","IH",2
394,"hing niz kig vim","coda","AE->S; IH->F","IH",2
2340,"ghing hiz vim nik","coda","AE->S; IH->F","IH",2
890,"vik ghim zin hing","coda","AE->S; IH->F","IH",2
543,"nim hing kig viz","coda","AE->S; IH->F","IH",2
874,"niz hik vig ming","coda","AE->S; IH->F","IH",2
2743,"zin hing ghim vik","coda","AE->S; IH->F","IH",2
3012,"ning him viz ghik","coda","AE->S; IH->F","IH",2
1872,"min hiz ghik ving","coda","AE->S; IH->F","IH",2
328,"vin hiz ming kig","coda","AE->S; IH->F","IH",2
2712,"ving hig mik niz","coda","AE->S; IH->F","IH",2
2852,"hig vim kiz ning","coda","AE->S; IH->F","IH",2
2705,"king vim hig niz","coda","AE->S; IH->F","IH",2
2627,"hin zing vim kig","coda","AE->S; IH->F","IH",2
1106,"ving ghik hin miz","coda","AE->S; IH->F","IH",2
1372,"ghin hik miz ving","coda","AE->S; IH->F","IH",2
1122,"ghim ving hiz nik","coda","AE->S; IH->F","IH",2
2187,"hiz ghik nim ving","coda","AE->S; IH->F","IH",2
2240,"min zing hik vig","coda","AE->S; IH->F","IH",2
1802,"ghiz hing vim nik","coda","AE->S; IH->F","IH",2
2609,"ning hiz kig vim","coda","AE->S; IH->F","IH",2
1083,"mig hiz kin ving","coda","AE->S; IH->F","IH",2
1181,"ving kig hiz nim","coda","AE->S; IH->F","IH",2
625,"ghik vim hing zin","coda","AE->S; IH->F","IH",2
1136,"hig min kiz ving","coda","AE->S; IH->F","IH",2
1928,"mig vik hing zin","coda","AE->S; IH->F","IH",2
2108,"hin kig miz ving","coda","AE->S; IH->F","IH",2
1385,"ghin zing vim hik","coda","AE->S; IH->F","IH",2
247,"han fang sag mak","onset","AE->F; IH->S","AE",1
2287,"nass mak hag fang","onset","AE->F; IH->S","AE",1
926,"han gass fang kam","onset","AE->F; IH->S","AE",1
948,"hang gam nass fak","onset","AE->F; IH->S","AE",1
1339,"hag nam fass kang","onset","AE->F; IH->S","AE",1
1929,"sak mag fang han","onset","AE->F; IH->S","AE",1
1460,"kan hag fang sam","onset","AE->F; IH->S","AE",1
2916,"nass gam hak fang","onset","AE->F; IH->S","AE",1
350,"nang mass fak hag","onset","AE->F; IH->S","AE",1
2213,"kam han gass fang","onset","AE->F; IH->S","AE",1
273,"hang kag nam fass","onset","AE->F; IH->S","AE",1
1487,"gak fam nang hass","onset","AE->F; IH->S","AE",1
1107,"fam gang hak nass","onset","AE->F; IH->S","AE",1
2859,"mak gang fan hass","onset","AE->F; IH->S","AE",1
2048,"nak fang sag ham","onset","AE->F; IH->S","AE",1
2070,"hak gan sam fang","onset","AE->F; IH->S","AE",1
176,"hang fam gan kass","onset","AE->F; IH->S","AE",1
662,"gam fang nass hak","onset","AE->F; IH->S","AE",1
539,"gass ham nang fak","onset","AE->F; IH->S","AE",1
39,"fang kag nass ham","onset","AE->F; IH->S","AE",1
1506,"fang nag ham sak","onset","AE->F; IH->S","AE",1
766,"fam kass hang nag","onset","AE->F; IH->S","AE",1
151,"mag sak hang fan","onset","AE->F; IH->S","AE",1
1789,"sang gam fan hak","onset","AE->F; IH->S","AE",1
2457,"gan mang fak hass","onset","AE->F; IH->S","AE",1
1608,"fan sak gang ham","onset","AE->F; IH->S","AE",1
2554,"fak sam nag hang","onset","AE->F; IH->S","AE",1
2427,"mang han fak gass","onset","AE->F; IH->S","AE",1
912,"gam sang han fak","onset","AE->F; IH->S","AE",1
2673,"sag ham fang nak","onset","AE->F; IH->S","AE",1
1422,"sam nag hak fang","onset","AE->F; IH->S","AE",1
211,"hag kam fass nang","onset","AE->F; IH->S","AE",1
824,"mag kass han fang","onset","AE->F; IH->S","AE",1
354,"kang fan mass hag","onset","AE->F; IH->S","AE",1
1077,"hak sam gan fang","onset","AE->F; IH->S","AE",1
2972,"mak fan gass hang","onset","AE->F; IH->S","AE",1
2766,"kass hang fam nag","onset","AE->F; IH->S","AE",1
67,"hak fang mag nass","onset","AE->F; IH->S","AE",1
762,"fass hang mak nag","onset","AE->F; IH->S","AE",1
501,"man kass hag fang","onset","AE->F; IH->S","AE",1
983,"sak mag hang fan","onset","AE->F; IH->S","AE",1
2771,"gan kang fass ham","onset","AE->F; IH->S","AE",1
585,"kass fan gang ham","onset","AE->F; IH->S","AE",1
334,"gak fass han mang","onset","AE->F; IH->S","AE",1
203,"fam hang nak gass","onset","AE->F; IH->S","AE",1
956,"nang sak hag fam","onset","AE->F; IH->S","AE",1
2517,"mag sak fang han","onset","AE->F; IH->S","AE",1
2001,"hak mang fass gan","onset","AE->F; IH->S","AE",1
693,"kass hag fang nam","onset","AE->F; IH->S","AE",1
2659,"hag nass fak mang","onset","AE->F; IH->S","AE",1
1735,"kag nass fang ham","onset","AE->F; IH->S","AE",1
1038,"mag kass fan hang","onset","AE->F; IH->S","AE",1
1876,"hag fan mak sang","onset","AE->F; IH->S","AE",1
747,"fam san gang hak","onset","AE->F; IH->S","AE",1
1068,"sam han fang gak","onset","AE->F; IH->S","AE",1
1580,"hak fang san mag","onset","AE->F; IH->S","AE",1
649,"kass fang han gam","onset","AE->F; IH->S","AE",1
50,"mass nang hag fak","onset","AE->F; IH->S","AE",1
685,"ham kan fang sag","onset","AE->F; IH->S","AE",1
479,"hang mag nass fak","onset","AE->F; IH->S","AE",1
2678,"hang fan mag kass","onset","AE->F; IH->S","AE",1
2283,"ham kass fang nag","onset","AE->F; IH->S","AE",1
57,"kam fang nass hag","onset","AE->F; IH->S","AE",1
1448,"mag han sang fak","onset","AE->F; IH->S","AE",1
1776,"sag fam nak hang","onset","AE->F; IH->S","AE",1
1768,"fam hang san kag","onset","AE->F; IH->S","AE",1
2890,"sag hang fak nam","onset","AE->F; IH->S","AE",1
2270,"gang hak fam nass","onset","AE->F; IH->S","AE",1
902,"nam fang hass gak","onset","AE->F; IH->S","AE",1
1249,"fam hass kan gang","onset","AE->F; IH->S","AE",1
1231,"sak nag ham fang","onset","AE->F; IH->S","AE",1
2207,"fan hang mass gak","onset","AE->F; IH->S","AE",1
859,"kass fang hag nam","onset","AE->F; IH->S","AE",1
489,"san ham gang fak","onset","AE->F; IH->S","AE",1
343,"hag kan mass fang","onset","AE->F; IH->S","AE",1
506,"fang sak mag han","onset","AE->F; IH->S","AE",1
101,"fak gass hang nam","onset","AE->F; IH->S","AE",1
945,"hang kam sag fan","onset","AE->F; IH->S","AE",1
1232,"nam fang sag hak","onset","AE->F; IH->S","AE",1
2919,"fan sak hang mag","onset","AE->F; IH->S","AE",1
363,"nam kag hass fang","onset","AE->F; IH->S","AE",1
2438,"mak gang fass han","onset","AE->F; IH->S","AE",1
2728,"hass kang gam fan","onset","AE->F; IH->S","AE",1
144,"sang gan fam hak","onset","AE->F; IH->S","AE",1
1296,"hag man sak fang","onset","AE->F; IH->S","AE",1
1505,"kam hang fass nag","onset","AE->F; IH->S","AE",1
381,"sam gan hak fang","onset","AE->F; IH->S","AE",1
1931,"fam sang hag kan","onset","AE->F; IH->S","AE",1
333,"han sang gak fam","onset","AE->F; IH->S","AE",1
1642,"mass fang gak han","onset","AE->F; IH->S","AE",1
225,"sak fan ham gang","onset","AE->F; IH->S","AE",1
579,"mang hass fan gak","onset","AE->F; IH->S","AE",1
468,"hak nang gam fass","onset","AE->F; IH->S","AE",1
2424,"hak gan mass fang","onset","AE->F; IH->S","AE",1
1693,"han fang kag sam","onset","AE->F; IH->S","AE",1
121,"hass man fak gang","onset","AE->F; IH->S","AE",1
1949,"hif kim sing ghin","onset","AE->F; IH->S","IH",1
228,"hif sin ming ghik","onset","AE->F; IH->S","IH",1
1035,"fing hin sig kim","onset","AE->F; IH->S","IH",1
2225,"ghing mik sin hif","onset","AE->F; IH->S","IH",1
1532,"sim hing kin ghif","onset","AE->F; IH->S","IH",1
135,"mik sig fing hin","onset","AE->F; IH->S","IH",1
842,"mig sin hing fik","onset","AE->F; IH->S","IH",1
1352,"sing hig mif kin","onset","AE->F; IH->S","IH",1
3048,"ghing sim hik nif","onset","AE->F; IH->S","IH",1
2321,"sing hif mik ghin","onset","AE->F; IH->S","IH",1
1245,"hing fik sim ghin","onset","AE->F; IH->S","IH",1
1809,"hig sim kif ning","onset","AE->F; IH->S","IH",1
2273,"fing sin hik mig","onset","AE->F; IH->S","IH",1
1455,"min hing kif sig","onset","AE->F; IH->S","IH",1
624,"fim sing hik ghin","onset","AE->F; IH->S","IH",1
3017,"ghik fin him sing","onset","AE->F; IH->S","IH",1
676,"nim king sif hig","onset","AE->F; IH->S","IH",1
2717,"him ghing sif nik","onset","AE->F; IH->S","IH",1
502,"nim hing sig kif","onset","AE->F; IH->S","IH",1
1573,"ghing hik sif nim","onset","AE->F; IH->S","IH",1
1513,"hing sif ghim kin","onset","AE->F; IH->S","IH",1
2324,"kim hig fing sin","onset","AE->F; IH->S","IH",1
2016,"kin sig hif ming","onset","AE->F; IH->S","IH",1
1639,"hif king sin mig","onset","AE->F; IH->S","IH",1
1612,"hif sik ming ghin","onset","AE->F; IH->S","IH",1
2882,"min fig hing sik","onset","AE->F; IH->S","IH",1
2085,"sif hin king ghim","onset","AE->F; IH->S","IH",1
1826,"min sif hik ghing","onset","AE->F; IH->S","IH",1
2936,"hin mig sing kif","onset","AE->F; IH->S","IH",1
1383,"hin ming sif kig","onset","AE->F; IH->S","IH",1
2764,"hin sing kim fig","onset","AE->F; IH->S","IH",1
603,"hig sing fik nim","onset","AE->F; IH->S","IH",1
27,"hif sim ning kig","onset","AE->F; IH->S","IH",1
2491,"ghim fik sin hing","onset","AE->F; IH->S","IH",1
1990,"hing fim sig kin","onset","AE->F; IH->S","IH",1
873,"sim hif nik ghing","onset","AE->F; IH->S","IH",1
2390,"mik ghif sin hing","onset","AE->F; IH->S","IH",1
1044,"sig him nif king","onset","AE->F; IH->S","IH",1
1517,"sim kif ning hig","onset","AE->F; IH->S","IH",1
1864,"hif kin sig ming","onset","AE->F; IH->S","IH",1
1583,"kin him ghing sif","onset","AE->F; IH->S","IH",1
528,"sik ming fig hin","onset","AE->F; IH->S","IH",1
1424,"king hig min sif","onset","AE->F; IH->S","IH",1
1369,"kim fing sin hig","onset","AE->F; IH->S","IH",1
558,"min hing sif ghik","onset","AE->F; IH->S","IH",1
450,"mig sik fing hin","onset","AE->F; IH->S","IH",1
462,"sig fing hik nim","onset","AE->F; IH->S","IH",1
1893,"sing him fin ghik","onset","AE->F; IH->S","IH",1
73,"fim sik ghin hing","onset","AE->F; IH->S","IH",1
365,"nik mif sing hig","onset","AE->F; IH->S","IH",1
619,"sif hig ming nik","onset","AE->F; IH->S","IH",1
433,"hin sing mik ghif","onset","AE->F; IH->S","IH",1
1463,"him fing sin kig","onset","AE->F; IH->S","IH",1
2383,"kin sing him ghif","onset","AE->F; IH->S","IH",1
2960,"ghim fin hik sing","onset","AE->F; IH->S","IH",1
1924,"hig fin sim king","onset","AE->F; IH->S","IH",1
1741,"hig kif nim sing","onset","AE->F; IH->S","IH",1
2416,"sig fing hin kim","onset","AE->F; IH->S","IH",1
1368,"him fing kin sig","onset","AE->F; IH->S","IH",1
1370,"hik ghing sif min","onset","AE->F; IH->S","IH",1
1488,"kim sif ghin hing","onset","AE->F; IH->S","IH",1
1153,"nif hik ghim sing","onset","AE->F; IH->S","IH",1
1672,"fing sig min hik","onset","AE->F; IH->S","IH",1
2006,"kig sim fing hin","onset","AE->F; IH->S","IH",1
2594,"kif hing sin mig","onset","AE->F; IH->S","IH",1
2496,"sig mif hik ning","onset","AE->F; IH->S","IH",1
719,"hin king sif mig","onset","AE->F; IH->S","IH",1
2447,"fing nik hig sim","onset","AE->F; IH->S","IH",1
1538,"nik hing ghim sif","onset","AE->F; IH->S","IH",1
2661,"kim fig sin hing","onset","AE->F; IH->S","IH",1
2952,"kin hif ghim sing","onset","AE->F; IH->S","IH",1
2315,"hing ghim sif nik","onset","AE->F; IH->S","IH",1
23,"fin him ghing sik","onset","AE->F; IH->S","IH",1
345,"min ghik hing sif","onset","AE->F; IH->S","IH",1
2816,"hin sig kim fing","onset","AE->F; IH->S","IH",1
1120,"kin ghif him sing","onset","AE->F; IH->S","IH",1
1978,"sing kim hin ghif","onset","AE->F; IH->S","IH",1
139,"hig sim fik ning","onset","AE->F; IH->S","IH",1
1869,"kig sing hin mif","onset","AE->F; IH->S","IH",1
2964,"sif him nik ghing","onset","AE->F; IH->S","IH",1
1331,"king sif ghim hin","onset","AE->F; IH->S","IH",1
359,"fin kig him sing","onset","AE->F; IH->S","IH",1
732,"mig sif nik hing","onset","AE->F; IH->S","IH",1
1877,"sik ghim hin fing","onset","AE->F; IH->S","IH",1
1861,"sik hin ghing fim","onset","AE->F; IH->S","IH",1
688,"hig sif ming kin","onset","AE->F; IH->S","IH",1
763,"him ghing fin sik","onset","AE->F; IH->S","IH",1
2856,"sim hing ghin fik","onset","AE->F; IH->S","IH",1
1135,"sing nik fim hig","onset","AE->F; IH->S","IH",1
1644,"sik hing min ghif","onset","AE->F; IH->S","IH",1
466,"hin sik ghing fim","onset","AE->F; IH->S","IH",1
2786,"kif ghing hin sim","onset","AE->F; IH->S","IH",1
393,"hin king sim fig","onset","AE->F; IH->S","IH",1
960,"sig hing mif nik","onset","AE->F; IH->S","IH",1
3038,"king ghin sif him","onset","AE->F; IH->S","IH",1
477,"sim hif king ghin","onset","AE->F; IH->S","IH",1
2842,"kam van hag zang","onset","AE->F; IH->S","AE",2
1003,"vang han kam zag","onset","AE->F; IH->S","AE",2
1268,"kan vaz hag mang","onset","AE->F; IH->S","AE",2
2542,"vang han gaz kam","onset","AE->F; IH->S","AE",2
2459,"nak zag ham vang","onset","AE->F; IH->S","AE",2
513,"gaz mang hak van","onset","AE->F; IH->S","AE",2
2698,"hak vaz gang nam","onset","AE->F; IH->S","AE",2
655,"hag kang zam van","onset","AE->F; IH->S","AE",2
2237,"hag man zak vang","onset","AE->F; IH->S","AE",2
434,"hang kam vaz nag","onset","AE->F; IH->S","AE",2
1472,"man haz vak gang","onset","AE->F; IH->S","AE",2
557,"vak ham nag zang","onset","AE->F; IH->S","AE",2
2109,"gang van hak zam","onset","AE->F; IH->S","AE",2
2284,"kag vang ham naz","onset","AE->F; IH->S","AE",2
298,"han vang zam kag","onset","AE->F; IH->S","AE",2
2260,"nag vaz hang mak","onset","AE->F; IH->S","AE",2
1005,"vang maz hag nak","onset","AE->F; IH->S","AE",2
1220,"vaz hang gam nak","onset","AE->F; IH->S","AE",2
843,"hak nam vang zag","onset","AE->F; IH->S","AE",2
2300,"zan vang hag kam","onset","AE->F; IH->S","AE",2
45,"gam hang zak van","onset","AE->F; IH->S","AE",2
1747,"zang kag ham van","onset","AE->F; IH->S","AE",2
1981,"maz hak gang van","onset","AE->F; IH->S","AE",2
952,"vak zag ham nang","onset","AE->F; IH->S","AE",2
628,"hak nag maz vang","onset","AE->F; IH->S","AE",2
1806,"gan hang vam zak","onset","AE->F; IH->S","AE",2
2520,"gan mak hang vaz","onset","AE->F; IH->S","AE",2
1056,"vaz hang gak man","onset","AE->F; IH->S","AE",2
2230,"nang ham vak gaz","onset","AE->F; IH->S","AE",2
811,"vaz mang kan hag","onset","AE->F; IH->S","AE",2
950,"han vaz mak gang","onset","AE->F; IH->S","AE",2
326,"kang zag vam han","onset","AE->F; IH->S","AE",2
2094,"nak vaz hag mang","onset","AE->F; IH->S","AE",2
2881,"kang van hag zam","onset","AE->F; IH->S","AE",2
1797,"mak han vang gaz","onset","AE->F; IH->S","AE",2
755,"zang man vak hag","onset","AE->F; IH->S","AE",2
1437,"han gak vaz mang","onset","AE->F; IH->S","AE",2
2699,"hang mag zak van","onset","AE->F; IH->S","AE",2
2264,"vak gam zan hang","onset","AE->F; IH->S","AE",2
160,"haz mang gak van","onset","AE->F; IH->S","AE",2
1514,"hang gak vam zan","onset","AE->F; IH->S","AE",2
1788,"zam kang hag van","onset","AE->F; IH->S","AE",2
2102,"han vak mang zag","onset","AE->F; IH->S","AE",2
2663,"hang kam zag van","onset","AE->F; IH->S","AE",2
2831,"kang hag vam zan","onset","AE->F; IH->S","AE",2
188,"mang han vak zag","onset","AE->F; IH->S","AE",2
1193,"kang vam nag haz","onset","AE->F; IH->S","AE",2
1086,"zan ham vak gang","onset","AE->F; IH->S","AE",2
1778,"nag zam vak hang","onset","AE->F; IH->S","AE",2
876,"hang van mag zak","onset","AE->F; IH->S","AE",2
1257,"vang nag ham kaz","onset","AE->F; IH->S","AE",2
2702,"kang han gam vaz","onset","AE->F; IH->S","AE",2
703,"zag han mak vang","onset","AE->F; IH->S","AE",2
2490,"hang gaz van mak","onset","AE->F; IH->S","AE",2
44,"nang vaz kam hag","onset","AE->F; IH->S","AE",2
443,"gam naz vang hak","onset","AE->F; IH->S","AE",2
2285,"hang gaz vam nak","onset","AE->F; IH->S","AE",2
2103,"mang hak zag van","onset","AE->F; IH->S","AE",2
2962,"ham kan gang vaz","onset","AE->F; IH->S","AE",2
1207,"zang hak gan vam","onset","AE->F; IH->S","AE",2
1088,"vak haz gan mang","onset","AE->F; IH->S","AE",2
3054,"hang zak vam nag","onset","AE->F; IH->S","AE",2
1167,"hang gam nak vaz","onset","AE->F; IH->S","AE",2
612,"ham nang gaz vak","onset","AE->F; IH->S","AE",2
2809,"mang vaz hag nak","onset","AE->F; IH->S","AE",2
93,"kan ham gaz vang","onset","AE->F; IH->S","AE",2
2206,"zak vam gang han","onset","AE->F; IH->S","AE",2
3063,"ham gang vak zan","onset","AE->F; IH->S","AE",2
777,"hang vak maz gan","onset","AE->F; IH->S","AE",2
856,"naz vang gak ham","onset","AE->F; IH->S","AE",2
2229,"hang zam van kag","onset","AE->F; IH->S","AE",2
957,"zam hak vang gan","onset","AE->F; IH->S","AE",2
2734,"van kang hag zam","onset","AE->F; IH->S","AE",2
816,"van maz kang hag","onset","AE->F; IH->S","AE",2
550,"kaz nang hag vam","onset","AE->F; IH->S","AE",2
20,"vaz gang ham kan","onset","AE->F; IH->S","AE",2
1490,"kang gam han vaz","onset","AE->F; IH->S","AE",2
1567,"haz vang nak mag","onset","AE->F; IH->S","AE",2
852,"hak vang gam zan","onset","AE->F; IH->S","AE",2
2546,"zak hang nag vam","onset","AE->F; IH->S","AE",2
1536,"han zag mang vak","onset","AE->F; IH->S","AE",2
1524,"mag haz kang van","onset","AE->F; IH->S","AE",2
2570,"kang van maz hag","onset","AE->F; IH->S","AE",2
114,"han zang vam gak","onset","AE->F; IH->S","AE",2
1138,"vam nang hag zak","onset","AE->F; IH->S","AE",2
728,"vam han kang gaz","onset","AE->F; IH->S","AE",2
2888,"ham kang vaz gan","onset","AE->F; IH->S","AE",2
1400,"gang ham vaz kan","onset","AE->F; IH->S","AE",2
1128,"nam haz gak vang","onset","AE->F; IH->S","AE",2
1936,"mak hag vang zan","onset","AE->F; IH->S","AE",2
2658,"nak ham gang vaz","onset","AE->F; IH->S","AE",2
981,"han kag zam vang","onset","AE->F; IH->S","AE",2
103,"vaz man kag hang","onset","AE->F; IH->S","AE",2
636,"hang vaz nak mag","onset","AE->F; IH->S","AE",2
1582,"kag zang van ham","onset","AE->F; IH->S","AE",2
2931,"nag hang kam vaz","onset","AE->F; IH->S","AE",2
1108,"ghim hin ziv king","onset","AE->F; IH->S","IH",2
1218,"zim nik hing vig","onset","AE->F; IH->S","IH",2
1384,"hik zin vim ghing","onset","AE->F; IH->S","IH",2
152,"hik vim ghin zing","onset","AE->F; IH->S","IH",2
2477,"niv him zing ghik","onset","AE->F; IH->S","IH",2
1285,"hik zig vin ming","onset","AE->F; IH->S","IH",2
416,"hin ziv ghing kim","onset","AE->F; IH->S","IH",2
1305,"hing ziv ghim nik","onset","AE->F; IH->S","IH",2
17,"hiv ning zim ghik","onset","AE->F; IH->S","IH",2
2943,"hik ghiv zing min","onset","AE->F; IH->S","IH",2
315,"nik hiv zim ghing","onset","AE->F; IH->S","IH",2
785,"vig min zing hik","onset","AE->F; IH->S","IH",2
2585,"zin ghing him kiv","onset","AE->F; IH->S","IH",2
733,"hin miv zing kig","onset","AE->F; IH->S","IH",2
369,"nim hiv ghik zing","onset","AE->F; IH->S","IH",2
1408,"king zim vin hig","onset","AE->F; IH->S","IH",2
2925,"ziv nik hig ming","onset","AE->F; IH->S","IH",2
2837,"zing hin mig kiv","onset","AE->F; IH->S","IH",2
705,"kim vig hing zin","onset","AE->F; IH->S","IH",2
379,"ving kig him zin","onset","AE->F; IH->S","IH",2
2194,"min king zig hiv","onset","AE->F; IH->S","IH",2
924,"nik zig hing miv","onset","AE->F; IH->S","IH",2
2165,"king ziv nim hig","onset","AE->F; IH->S","IH",2
2210,"kiv hing zig nim","onset","AE->F; IH->S","IH",2
2668,"king hin ziv mig","onset","AE->F; IH->S","IH",2
548,"hing mig ziv nik","onset","AE->F; IH->S","IH",2
2333,"vin hik zing ghim","onset","AE->F; IH->S","IH",2
2901,"miv hig zing kin","onset","AE->F; IH->S","IH",2
2111,"vim zig kin hing","onset","AE->F; IH->S","IH",2
2777,"mig ziv hin king","onset","AE->F; IH->S","IH",2
862,"ming hig niv zik","onset","AE->F; IH->S","IH",2
971,"ziv him kin ghing","onset","AE->F; IH->S","IH",2
1210,"hik ghing zim vin","onset","AE->F; IH->S","IH",2
127,"kim hiv ghing zin","onset","AE->F; IH->S","IH",2
1125,"ghin miv zik hing","onset","AE->F; IH->S","IH",2
1213,"nik hing vig zim","onset","AE->F; IH->S","IH",2
2573,"king ghiv zin him","onset","AE->F; IH->S","IH",2
366,"ning hiv zik ghim","onset","AE->F; IH->S","IH",2
812,"vin zik ghim hing","onset","AE->F; IH->S","IH",2
1903,"kin vig zing him","onset","AE->F; IH->S","IH",2
1724,"zing vin him ghik","onset","AE->F; IH->S","IH",2
2392,"zig kiv ning him","onset","AE->F; IH->S","IH",2
99,"ming ghiv hik zin","onset","AE->F; IH->S","IH",2
1008,"hig ziv king min","onset","AE->F; IH->S","IH",2
3005,"miv zik ning hig","onset","AE->F; IH->S","IH",2
2274,"him ziv king ghin","onset","AE->F; IH->S","IH",2
1909,"hig zin ving kim","onset","AE->F; IH->S","IH",2
405,"mig ning hik ziv","onset","AE->F; IH->S","IH",2
3037,"vim zig king hin","onset","AE->F; IH->S","IH",2
61,"zik vim ghing hin","onset","AE->F; IH->S","IH",2
2544,"mig hing kiv zin","onset","AE->F; IH->S","IH",2
3046,"zing vim ghin hik","onset","AE->F; IH->S","IH",2
1609,"him kiv ning zig","onset","AE->F; IH->S","IH",2
1773,"ziv ghim hing kin","onset","AE->F; IH->S","IH",2
2177,"hik ning ziv ghim","onset","AE->F; IH->S","IH",2
581,"hig kiv zin ming","onset","AE->F; IH->S","IH",2
310,"zing vik nim hig","onset","AE->F; IH->S","IH",2
1362,"ghiv hing zim nik","onset","AE->F; IH->S","IH",2
623,"zik him ghing niv","onset","AE->F; IH->S","IH",2
62,"hig ziv ning kim","onset","AE->F; IH->S","IH",2
2155,"zik vig hing min","onset","AE->F; IH->S","IH",2
219,"hing zig kim niv","onset","AE->F; IH->S","IH",2
3064,"ghik him ving zin","onset","AE->F; IH->S","IH",2
1775,"hig vim zik ning","onset","AE->F; IH->S","IH",2
1687,"zin mig hiv king","onset","AE->F; IH->S","IH",2
2432,"kiv min zig hing","onset","AE->F; IH->S","IH",2
302,"hiv ghing mik zin","onset","AE->F; IH->S","IH",2
2101,"mik zig hiv ning","onset","AE->F; IH->S","IH",2
1691,"ming hiv zin ghik","onset","AE->F; IH->S","IH",2
2504,"vig min hik zing","onset","AE->F; IH->S","IH",2
1302,"ming zin hiv kig","onset","AE->F; IH->S","IH",2
2543,"him ning ziv kig","onset","AE->F; IH->S","IH",2
1293,"zim ning hik vig","onset","AE->F; IH->S","IH",2
2014,"hig zing vik min","onset","AE->F; IH->S","IH",2
123,"hing min ziv kig","onset","AE->F; IH->S","IH",2
449,"vin zig hik ming","onset","AE->F; IH->S","IH",2
1279,"vig zik hing nim","onset","AE->F; IH->S","IH",2
3052,"zing vik hig nim","onset","AE->F; IH->S","IH",2
2057,"mig nik hiv zing","onset","AE->F; IH->S","IH",2
1783,"king hig ziv min","onset","AE->F; IH->S","IH",2
2272,"hig ving kin zim","onset","AE->F; IH->S","IH",2
1922,"ghim hiv zin king","onset","AE->F; IH->S","IH",2
1309,"zik hin miv ghing","onset","AE->F; IH->S","IH",2
373,"hin zing mig vik","onset","AE->F; IH->S","IH",2
267,"ving zik hin mig","onset","AE->F; IH->S","IH",2
1663,"hin vig king zim","onset","AE->F; IH->S","IH",2
2643,"zig hiv min king","onset","AE->F; IH->S","IH",2
2413,"hin zik ving ghim","onset","AE->F; IH->S","IH",2
829,"nik hing vim zig","onset","AE->F; IH->S","IH",2
2725,"zin vim ghing hik","onset","AE->F; IH->S","IH",2
19,"vin zing hig mik","onset","AE->F; IH->S","IH",2
2538,"miv hig zing nik","onset","AE->F; IH->S","IH",2
1551,"ziv hing ghin mik","onset","AE->F; IH->S","IH",2
2798,"zim hing vig kin","onset","AE->F; IH->S","IH",2
410,"zin miv ghing hik","onset","AE->F; IH->S","IH",2
2083,"ning vig hik zim","onset","AE->F; IH->S","IH",2
1251,"nag hang saf kam","onset","AE->S; IH->F","AE",1
2259,"saf gang ham kan","onset","AE->S; IH->F","AE",1
175,"gan ham kang saf","onset","AE->S; IH->F","AE",1
2078,"sam gaf hak nang","onset","AE->S; IH->F","AE",1
969,"gam naf sak hang","onset","AE->S; IH->F","AE",1
1728,"gam sang hak naf","onset","AE->S; IH->F","AE",1
606,"hag sam kang naf","onset","AE->S; IH->F","AE",1
1112,"gam nak sang haf","onset","AE->S; IH->F","AE",1
415,"fang mag san hak","onset","AE->S; IH->F","AE",1
936,"nag saf hak mang","onset","AE->S; IH->F","AE",1
457,"mang sak gan haf","onset","AE->S; IH->F","AE",1
1548,"nak sag fam hang","onset","AE->S; IH->F","AE",1
2309,"hag san kaf mang","onset","AE->S; IH->F","AE",1
724,"hang kan gam saf","onset","AE->S; IH->F","AE",1
2011,"fan sam hang kag","onset","AE->S; IH->F","AE",1
2818,"sam naf kag hang","onset","AE->S; IH->F","AE",1
2727,"nak gaf sam hang","onset","AE->S; IH->F","AE",1
2286,"hag kaf sang nam","onset","AE->S; IH->F","AE",1
2138,"saf kan hang mag","onset","AE->S; IH->F","AE",1
2531,"san fak hang mag","onset","AE->S; IH->F","AE",1
2867,"san kang haf gam","onset","AE->S; IH->F","AE",1
1563,"sag naf ham kang","onset","AE->S; IH->F","AE",1
2113,"gang saf hak nam","onset","AE->S; IH->F","AE",1
2533,"fan gak sam hang","onset","AE->S; IH->F","AE",1
574,"haf sam nang gak","onset","AE->S; IH->F","AE",1
2883,"naf kang ham sag","onset","AE->S; IH->F","AE",1
2590,"mak saf nang hag","onset","AE->S; IH->F","AE",1
1020,"hag kang maf san","onset","AE->S; IH->F","AE",1
2983,"gam sang haf nak","onset","AE->S; IH->F","AE",1
2986,"mag naf hak sang","onset","AE->S; IH->F","AE",1
1598,"sang kam gan haf","onset","AE->S; IH->F","AE",1
611,"fam hag sang nak","onset","AE->S; IH->F","AE",1
485,"man hang fak sag","onset","AE->S; IH->F","AE",1
1695,"kan haf sag mang","onset","AE->S; IH->F","AE",1
1401,"gak hang maf san","onset","AE->S; IH->F","AE",1
2592,"fak san mang hag","onset","AE->S; IH->F","AE",1
1796,"fak sag nam hang","onset","AE->S; IH->F","AE",1
2170,"sang gam nak haf","onset","AE->S; IH->F","AE",1
2317,"gang han sam kaf","onset","AE->S; IH->F","AE",1
164,"gaf hang mak san","onset","AE->S; IH->F","AE",1
1730,"hang kag fan sam","onset","AE->S; IH->F","AE",1
2189,"fak san hang mag","onset","AE->S; IH->F","AE",1
1304,"hak nag fang sam","onset","AE->S; IH->F","AE",1
737,"sag man fang hak","onset","AE->S; IH->F","AE",1
2510,"gak san ham fang","onset","AE->S; IH->F","AE",1
2545,"haf sam gan kang","onset","AE->S; IH->F","AE",1
578,"mang nag sak haf","onset","AE->S; IH->F","AE",1
3032,"sag fam nang hak","onset","AE->S; IH->F","AE",1
1653,"maf sag nak hang","onset","AE->S; IH->F","AE",1
1155,"man sag haf kang","onset","AE->S; IH->F","AE",1
3051,"kam san haf gang","onset","AE->S; IH->F","AE",1
189,"fak sang hag man","onset","AE->S; IH->F","AE",1
2005,"haf sang gan kam","onset","AE->S; IH->F","AE",1
2336,"gam haf kan sang","onset","AE->S; IH->F","AE",1
1099,"sang mag han kaf","onset","AE->S; IH->F","AE",1
1300,"mang hag kaf san","onset","AE->S; IH->F","AE",1
1740,"mag han sak fang","onset","AE->S; IH->F","AE",1
928,"hang nak gam saf","onset","AE->S; IH->F","AE",1
2435,"gak naf ham sang","onset","AE->S; IH->F","AE",1
759,"saf hang nam gak","onset","AE->S; IH->F","AE",1
658,"gang ham nak saf","onset","AE->S; IH->F","AE",1
340,"san fang gak ham","onset","AE->S; IH->F","AE",1
83,"sang mak naf hag","onset","AE->S; IH->F","AE",1
233,"sak han fang gam","onset","AE->S; IH->F","AE",1
2979,"hang sam kan gaf","onset","AE->S; IH->F","AE",1
989,"san kang gam haf","onset","AE->S; IH->F","AE",1
82,"hag maf kang san","onset","AE->S; IH->F","AE",1
2821,"sang naf hag kam","onset","AE->S; IH->F","AE",1
2548,"gam san fak hang","onset","AE->S; IH->F","AE",1
917,"hang saf kam nag","onset","AE->S; IH->F","AE",1
1599,"mang han sak gaf","onset","AE->S; IH->F","AE",1
2305,"hak fang sag man","onset","AE->S; IH->F","AE",1
663,"sag han kang maf","onset","AE->S; IH->F","AE",1
1007,"han kam sang gaf","onset","AE->S; IH->F","AE",1
2471,"mang fak hag san","onset","AE->S; IH->F","AE",1
2669,"kang hag san maf","onset","AE->S; IH->F","AE",1
2128,"mak haf nang sag","onset","AE->S; IH->F","AE",1
1276,"hang gam nak saf","onset","AE->S; IH->F","AE",1
2926,"fang hag sak nam","onset","AE->S; IH->F","AE",1
1764,"sang hag kam naf","onset","AE->S; IH->F","AE",1
2345,"maf kag han sang","onset","AE->S; IH->F","AE",1
1892,"saf hak mang gan","onset","AE->S; IH->F","AE",1
390,"sang gaf hak man","onset","AE->S; IH->F","AE",1
1743,"sang han maf gak","onset","AE->S; IH->F","AE",1
2839,"maf han gang sak","onset","AE->S; IH->F","AE",1
2999,"kan ham sang gaf","onset","AE->S; IH->F","AE",1
3001,"kam sang hag naf","onset","AE->S; IH->F","AE",1
858,"nak hang maf sag","onset","AE->S; IH->F","AE",1
2811,"hang mak san gaf","onset","AE->S; IH->F","AE",1
1503,"fang sam nak hag","onset","AE->S; IH->F","AE",1
1411,"nang gaf sak ham","onset","AE->S; IH->F","AE",1
1585,"mang nag hak saf","onset","AE->S; IH->F","AE",1
1282,"sang han gaf mak","onset","AE->S; IH->F","AE",1
341,"maf san gang hak","onset","AE->S; IH->F","AE",1
158,"hang fam gan sak","onset","AE->S; IH->F","AE",1
955,"ham san fak gang","onset","AE->S; IH->F","AE",1
2450,"hiss fig ning mik","onset","AE->S; IH->F","IH",1
1803,"him sig ning fik","onset","AE->S; IH->F","IH",1
1033,"fim ghin kiss hing","onset","AE->S; IH->F","IH",1
1951,"ghing him fiss kin","onset","AE->S; IH->F","IH",1
942,"hiss mig fin king","onset","AE->S; IH->F","IH",1
1991,"nik fig hing sim","onset","AE->S; IH->F","IH",1
42,"ghin fiss mik hing","onset","AE->S; IH->F","IH",1
2889,"sik ming hin fig","onset","AE->S; IH->F","IH",1
76,"ghim king fiss hin","onset","AE->S; IH->F","IH",1
290,"fing kim niss hig","onset","AE->S; IH->F","IH",1
2720,"fiss mik hig ning","onset","AE->S; IH->F","IH",1
10,"fing hin sig kim","onset","AE->S; IH->F","IH",1
1817,"ghing kim fiss hin","onset","AE->S; IH->F","IH",1
1667,"fing kin sim hig","onset","AE->S; IH->F","IH",1
562,"miss hing ghin fik","onset","AE->S; IH->F","IH",1
2428,"fing mig kiss hin","onset","AE->S; IH->F","IH",1
2448,"ghin hing sim fik","onset","AE->S; IH->F","IH",1
2758,"fim ning kiss hig","onset","AE->S; IH->F","IH",1
1834,"hiss fik min ghing","onset","AE->S; IH->F","IH",1
2137,"ghik hin sing fim","onset","AE->S; IH->F","IH",1
695,"fing ghim nik hiss","onset","AE->S; IH->F","IH",1
1972,"mik sing fig hin","onset","AE->S; IH->F","IH",1
2062,"him fik sing ghin","onset","AE->S; IH->F","IH",1
2098,"hig fiss nik ming","onset","AE->S; IH->F","IH",1
352,"hin sik mig fing","onset","AE->S; IH->F","IH",1
1469,"hig sin kim fing","onset","AE->S; IH->F","IH",1
1329,"hik sing ghin fim","onset","AE->S; IH->F","IH",1
281,"ghiss him king fin","onset","AE->S; IH->F","IH",1
1977,"sing fik nim hig","onset","AE->S; IH->F","IH",1
1586,"hik fing sig min","onset","AE->S; IH->F","IH",1
124,"fin hig miss king","onset","AE->S; IH->F","IH",1
2634,"fim hig king sin","onset","AE->S; IH->F","IH",1
931,"hing fik mig niss","onset","AE->S; IH->F","IH",1
335,"ning kig him fiss","onset","AE->S; IH->F","IH",1
638,"hig ning fiss kim","onset","AE->S; IH->F","IH",1
1592,"him ghin fing sik","onset","AE->S; IH->F","IH",1
2498,"hiss fing ghik nim","onset","AE->S; IH->F","IH",1
1390,"fim kin hing sig","onset","AE->S; IH->F","IH",1
1676,"fig mik hing niss","onset","AE->S; IH->F","IH",1
1403,"fik hin ghing miss","onset","AE->S; IH->F","IH",1
1131,"miss ning hik fig","onset","AE->S; IH->F","IH",1
288,"fin ming ghik hiss","onset","AE->S; IH->F","IH",1
1664,"hig king nim fiss","onset","AE->S; IH->F","IH",1
2982,"fig nik sim hing","onset","AE->S; IH->F","IH",1
2749,"fik ning sim hig","onset","AE->S; IH->F","IH",1
735,"ghik fiss him ning","onset","AE->S; IH->F","IH",1
297,"sig him king fin","onset","AE->S; IH->F","IH",1
2144,"fin kig sim hing","onset","AE->S; IH->F","IH",1
1545,"sig nik him fing","onset","AE->S; IH->F","IH",1
2497,"sik ming hig fin","onset","AE->S; IH->F","IH",1
883,"fing nim ghiss hik","onset","AE->S; IH->F","IH",1
392,"hin miss fing kig","onset","AE->S; IH->F","IH",1
2114,"sing kim hin fig","onset","AE->S; IH->F","IH",1
1154,"fin miss ghing hik","onset","AE->S; IH->F","IH",1
2453,"hin sim king fig","onset","AE->S; IH->F","IH",1
2124,"hin fig sing mik","onset","AE->S; IH->F","IH",1
2007,"ghim hin fing kiss","onset","AE->S; IH->F","IH",1
1189,"fin kiss ghing him","onset","AE->S; IH->F","IH",1
961,"hin mik fig sing","onset","AE->S; IH->F","IH",1
1638,"ming kiss fig hin","onset","AE->S; IH->F","IH",1
1849,"ghik hin fing sim","onset","AE->S; IH->F","IH",1
769,"sing fin mig hik","onset","AE->S; IH->F","IH",1
1410,"hik ghin sim fing","onset","AE->S; IH->F","IH",1
2262,"hing fik mig sin","onset","AE->S; IH->F","IH",1
2107,"hig fik ming sin","onset","AE->S; IH->F","IH",1
723,"fing hik ghiss min","onset","AE->S; IH->F","IH",1
2552,"fiss kin ghing him","onset","AE->S; IH->F","IH",1
2907,"sing fig hin kim","onset","AE->S; IH->F","IH",1
2030,"fing hig kim sin","onset","AE->S; IH->F","IH",1
1927,"fiss nim ghik hing","onset","AE->S; IH->F","IH",1
939,"kin ming fig hiss","onset","AE->S; IH->F","IH",1
1431,"fik ghing hin sim","onset","AE->S; IH->F","IH",1
1042,"king fin ghim hiss","onset","AE->S; IH->F","IH",1
1744,"king hig niss fim","onset","AE->S; IH->F","IH",1
2676,"mik sing hin fig","onset","AE->S; IH->F","IH",1
143,"hiss mig fing kin","onset","AE->S; IH->F","IH",1
2913,"fiss hin ghing kim","onset","AE->S; IH->F","IH",1
2844,"fim hin sik ghing","onset","AE->S; IH->F","IH",1
1836,"fiss kig hing nim","onset","AE->S; IH->F","IH",1
215,"hig fing kin miss","onset","AE->S; IH->F","IH",1
153,"sim hin ghing fik","onset","AE->S; IH->F","IH",1
1230,"fig hing nik sim","onset","AE->S; IH->F","IH",1
71,"fing hiss mig kin","onset","AE->S; IH->F","IH",1
150,"fim kiss hig ning","onset","AE->S; IH->F","IH",1
263,"ming hik fin sig","onset","AE->S; IH->F","IH",1
1104,"fik hiss ghin ming","onset","AE->S; IH->F","IH",1
412,"sik fim hig ning","onset","AE->S; IH->F","IH",1
915,"fig hing min kiss","onset","AE->S; IH->F","IH",1
435,"kig sim fin hing","onset","AE->S; IH->F","IH",1
41,"hin king ghim fiss","onset","AE->S; IH->F","IH",1
1109,"ghiss hing fim nik","onset","AE->S; IH->F","IH",1
2002,"fik ming hin sig","onset","AE->S; IH->F","IH",1
2022,"mig fing hik niss","onset","AE->S; IH->F","IH",1
2566,"hing miss fik ghin","onset","AE->S; IH->F","IH",1
808,"fim hiss kig ning","onset","AE->S; IH->F","IH",1
1698,"nim hik sing fig","onset","AE->S; IH->F","IH",1
2208,"zang vam hak nag","onset","AE->S; IH->F","AE",2
3035,"zav gan hang mak","onset","AE->S; IH->F","AE",2
1943,"kag zang han vam","onset","AE->S; IH->F","AE",2
1550,"kang nav ham zag","onset","AE->S; IH->F","AE",2
456,"zav kang hag man","onset","AE->S; IH->F","AE",2
2640,"ham nag zang vak","onset","AE->S; IH->F","AE",2
2797,"vam kang zan hag","onset","AE->S; IH->F","AE",2
1837,"nang gak ham zav","onset","AE->S; IH->F","AE",2
2929,"kam zag hav nang","onset","AE->S; IH->F","AE",2
2430,"han zag mang kav","onset","AE->S; IH->F","AE",2
674,"zang nav ham gak","onset","AE->S; IH->F","AE",2
180,"hak zag nav mang","onset","AE->S; IH->F","AE",2
1942,"kag hang vam zan","onset","AE->S; IH->F","AE",2
1584,"nag zam hang vak","onset","AE->S; IH->F","AE",2
1746,"mav hang gan zak","onset","AE->S; IH->F","AE",2
2410,"gang mav zan hak","onset","AE->S; IH->F","AE",2
1785,"hak mang zag nav","onset","AE->S; IH->F","AE",2
2032,"kang gav ham zan","onset","AE->S; IH->F","AE",2
3014,"zak vang han mag","onset","AE->S; IH->F","AE",2
2167,"vak hang zag man","onset","AE->S; IH->F","AE",2
1738,"gam kang hav zan","onset","AE->S; IH->F","AE",2
1233,"mak nag hang zav","onset","AE->S; IH->F","AE",2
2642,"zang hav kag man","onset","AE->S; IH->F","AE",2
2997,"kam gav zan hang","onset","AE->S; IH->F","AE",2
2115,"zang hav mak gan","onset","AE->S; IH->F","AE",2
154,"nak zag ham vang","onset","AE->S; IH->F","AE",2
974,"kang hav zan gam","onset","AE->S; IH->F","AE",2
3061,"nag hav mang zak","onset","AE->S; IH->F","AE",2
384,"zak ham gav nang","onset","AE->S; IH->F","AE",2
2870,"man zang kag hav","onset","AE->S; IH->F","AE",2
1216,"gam hang zan kav","onset","AE->S; IH->F","AE",2
2129,"zam kan hag vang","onset","AE->S; IH->F","AE",2
2526,"zav hang kag man","onset","AE->S; IH->F","AE",2
804,"vak zag hang nam","onset","AE->S; IH->F","AE",2
1188,"hang vak zam gan","onset","AE->S; IH->F","AE",2
1971,"gav kan zam hang","onset","AE->S; IH->F","AE",2
1885,"han kag mav zang","onset","AE->S; IH->F","AE",2
1376,"gang kav zam han","onset","AE->S; IH->F","AE",2
2159,"zag nak vam hang","onset","AE->S; IH->F","AE",2
2948,"mang hag vak zan","onset","AE->S; IH->F","AE",2
2373,"ham kav nag zang","onset","AE->S; IH->F","AE",2
2161,"zang hag mak nav","onset","AE->S; IH->F","AE",2
1686,"vang zam kag han","onset","AE->S; IH->F","AE",2
2525,"gang zak hav nam","onset","AE->S; IH->F","AE",2
2362,"mang zan vak hag","onset","AE->S; IH->F","AE",2
2519,"zag nang ham kav","onset","AE->S; IH->F","AE",2
2422,"nav zang hak gam","onset","AE->S; IH->F","AE",2
2722,"hak zag nam vang","onset","AE->S; IH->F","AE",2
1830,"hag mang nak zav","onset","AE->S; IH->F","AE",2
569,"zang mav hag nak","onset","AE->S; IH->F","AE",2
2612,"kam van hag zang","onset","AE->S; IH->F","AE",2
1860,"mag zang nav hak","onset","AE->S; IH->F","AE",2
31,"hang zav kan mag","onset","AE->S; IH->F","AE",2
1501,"gan vang hak zam","onset","AE->S; IH->F","AE",2
884,"zag kang nam hav","onset","AE->S; IH->F","AE",2
1022,"zam hag nang vak","onset","AE->S; IH->F","AE",2
100,"hav gang nak zam","onset","AE->S; IH->F","AE",2
787,"hang zam vak gan","onset","AE->S; IH->F","AE",2
58,"zan hav mak gang","onset","AE->S; IH->F","AE",2
686,"hang mav zag kan","onset","AE->S; IH->F","AE",2
2307,"hav zang gak man","onset","AE->S; IH->F","AE",2
209,"gam han vang zak","onset","AE->S; IH->F","AE",2
120,"vang hak man zag","onset","AE->S; IH->F","AE",2
2761,"kav han gam zang","onset","AE->S; IH->F","AE",2
1238,"han zam kag vang","onset","AE->S; IH->F","AE",2
2928,"zav nam hak gang","onset","AE->S; IH->F","AE",2
810,"zan gak hang vam","onset","AE->S; IH->F","AE",2
2879,"nag hak zav mang","onset","AE->S; IH->F","AE",2
421,"ham van zak gang","onset","AE->S; IH->F","AE",2
2649,"zam gan hav kang","onset","AE->S; IH->F","AE",2
1734,"hag zav mak nang","onset","AE->S; IH->F","AE",2
2807,"zag mav han kang","onset","AE->S; IH->F","AE",2
142,"vang nam zag hak","onset","AE->S; IH->F","AE",2
1974,"nav zang hak mag","onset","AE->S; IH->F","AE",2
551,"hag vang kan zam","onset","AE->S; IH->F","AE",2
1749,"vang hak zag man","onset","AE->S; IH->F","AE",2
535,"kav gang han zam","onset","AE->S; IH->F","AE",2
1702,"hang van gam zak","onset","AE->S; IH->F","AE",2
1089,"kav zang man hag","onset","AE->S; IH->F","AE",2
1048,"van hak zang gam","onset","AE->S; IH->F","AE",2
2255,"ham zang nav kag","onset","AE->S; IH->F","AE",2
264,"hang vam kag zan","onset","AE->S; IH->F","AE",2
2010,"gak hav zang nam","onset","AE->S; IH->F","AE",2
1026,"kag zang hav man","onset","AE->S; IH->F","AE",2
3062,"mag hak zav nang","onset","AE->S; IH->F","AE",2
1039,"gang ham vak zan","onset","AE->S; IH->F","AE",2
1668,"hang gav nak zam","onset","AE->S; IH->F","AE",2
2434,"hang zag nak vam","onset","AE->S; IH->F","AE",2
2072,"mak hav nag zang","onset","AE->S; IH->F","AE",2
2715,"zan ham kang gav","onset","AE->S; IH->F","AE",2
927,"ham nag zang kav","onset","AE->S; IH->F","AE",2
1808,"gak vam hang zan","onset","AE->S; IH->F","AE",2
568,"ham gang van zak","onset","AE->S; IH->F","AE",2
1987,"nag zav mak hang","onset","AE->S; IH->F","AE",2
832,"nav kam zang hag","onset","AE->S; IH->F","AE",2
1055,"kang han mav zag","onset","AE->S; IH->F","AE",2
2857,"king min vig hiz","onset","AE->S; IH->F","IH",2
2024,"hing zim kin vig","onset","AE->S; IH->F","IH",2
2066,"vig zim nik hing","onset","AE->S; IH->F","IH",2
1386,"ghik ning him viz","onset","AE->S; IH->F","IH",2
594,"hing mik vin ghiz","onset","AE->S; IH->F","IH",2
616,"viz hing kig min","onset","AE->S; IH->F","IH",2
308,"ving kig nim hiz","onset","AE->S; IH->F","IH",2
54,"hing kiz vig nim","onset","AE->S; IH->F","IH",2
920,"vin kim zing hig","onset","AE->S; IH->F","IH",2
2988,"hing vin ghiz mik","onset","AE->S; IH->F","IH",2
1371,"ving hin miz kig","onset","AE->S; IH->F","IH",2
2175,"vig min hiz king","onset","AE->S; IH->F","IH",2
1719,"miz hing ghin vik","onset","AE->S; IH->F","IH",2
1407,"zing hig vim kin","onset","AE->S; IH->F","IH",2
1330,"ming hig kin viz","onset","AE->S; IH->F","IH",2
1636,"zig ving hik nim","onset","AE->S; IH->F","IH",2
252,"vik nim hing zig","onset","AE->S; IH->F","IH",2
1219,"vig him ning kiz","onset","AE->S; IH->F","IH",2
2361,"vin ghiz mik hing","onset","AE->S; IH->F","IH",2
1881,"mik zig hing vin","onset","AE->S; IH->F","IH",2
698,"zin hing ghim vik","onset","AE->S; IH->F","IH",2
3072,"nik ving zig him","onset","AE->S; IH->F","IH",2
2426,"hik zing mig vin","onset","AE->S; IH->F","IH",2
439,"zim vig hik ning","onset","AE->S; IH->F","IH",2
1471,"ghiz him ving kin","onset","AE->S; IH->F","IH",2
1217,"ming ghin viz hik","onset","AE->S; IH->F","IH",2
60,"ghik vin hing miz","onset","AE->S; IH->F","IH",2
1419,"ghim viz nik hing","onset","AE->S; IH->F","IH",2
2463,"vig ming niz hik","onset","AE->S; IH->F","IH",2
1845,"zing hin vim ghik","onset","AE->S; IH->F","IH",2
313,"miz hig kin ving","onset","AE->S; IH->F","IH",2
970,"vin hig miz king","onset","AE->S; IH->F","IH",2
1121,"ghin miz ving hik","onset","AE->S; IH->F","IH",2
2251,"vin hing zim ghik","onset","AE->S; IH->F","IH",2
191,"kig him vin zing","onset","AE->S; IH->F","IH",2
778,"hig king nim viz","onset","AE->S; IH->F","IH",2
1246,"niz ving kim hig","onset","AE->S; IH->F","IH",2
1464,"hiz ning vik ghim","onset","AE->S; IH->F","IH",2
245,"ghik ving niz him","onset","AE->S; IH->F","IH",2
1784,"zik vig ning him","onset","AE->S; IH->F","IH",2
2613,"zig vin kim hing","onset","AE->S; IH->F","IH",2
1890,"hik zing ghin vim","onset","AE->S; IH->F","IH",2
2379,"zig him kin ving","onset","AE->S; IH->F","IH",2
2956,"vin kig hiz ming","onset","AE->S; IH->F","IH",2
1260,"hig zing kin vim","onset","AE->S; IH->F","IH",2
13,"zin ghik ving him","onset","AE->S; IH->F","IH",2
2785,"vik zing min hig","onset","AE->S; IH->F","IH",2
827,"ming vin zik hig","onset","AE->S; IH->F","IH",2
2819,"hiz vig nik ming","onset","AE->S; IH->F","IH",2
3015,"hing ghiz nik vim","onset","AE->S; IH->F","IH",2
908,"vin hing zig mik","onset","AE->S; IH->F","IH",2
46,"kiz vim hing ghin","onset","AE->S; IH->F","IH",2
2318,"mig nik hing viz","onset","AE->S; IH->F","IH",2
1277,"nik miz vig hing","onset","AE->S; IH->F","IH",2
2860,"zig nik vim hing","onset","AE->S; IH->F","IH",2
2968,"vin mig zing hik","onset","AE->S; IH->F","IH",2
1889,"hig zik min ving","onset","AE->S; IH->F","IH",2
2967,"hing vig kin miz","onset","AE->S; IH->F","IH",2
2049,"ving nik him zig","onset","AE->S; IH->F","IH",2
2832,"vig zik him ning","onset","AE->S; IH->F","IH",2
561,"king viz hin ghim","onset","AE->S; IH->F","IH",2
2381,"king zim hig vin","onset","AE->S; IH->F","IH",2
851,"hig ming vik niz","onset","AE->S; IH->F","IH",2
646,"hig niz mik ving","onset","AE->S; IH->F","IH",2
1158,"hik ving ghin zim","onset","AE->S; IH->F","IH",2
2351,"ning vim hiz kig","onset","AE->S; IH->F","IH",2
2868,"hig kin ving miz","onset","AE->S; IH->F","IH",2
1523,"ghim hik niz ving","onset","AE->S; IH->F","IH",2
1739,"ghiz him vin king","onset","AE->S; IH->F","IH",2
2141,"kim ghiz ving hin","onset","AE->S; IH->F","IH",2
1084,"hig nim ving kiz","onset","AE->S; IH->F","IH",2
819,"kiz hin vig ming","onset","AE->S; IH->F","IH",2
231,"mig hing vin zik","onset","AE->S; IH->F","IH",2
168,"vim kin hing zig","onset","AE->S; IH->F","IH",2
1495,"zik ghin hing vim","onset","AE->S; IH->F","IH",2
509,"hiz vig ming kin","onset","AE->S; IH->F","IH",2
712,"vig zing nim hik","onset","AE->S; IH->F","IH",2
1024,"mig hin ving zik","onset","AE->S; IH->F","IH",2
1321,"ming vin hiz ghik","onset","AE->S; IH->F","IH",2
604,"ghik hiz nim ving","onset","AE->S; IH->F","IH",2
2835,"hin miz vig king","onset","AE->S; IH->F","IH",2
2228,"hig kiz vim ning","onset","AE->S; IH->F","IH",2
2670,"hik ming vin zig","onset","AE->S; IH->F","IH",2
2575,"hiz nim vig king","onset","AE->S; IH->F","IH",2
2418,"kig zing him vin","onset","AE->S; IH->F","IH",2
1496,"hiz kin ving ghim","onset","AE->S; IH->F","IH",2
2930,"mig hing vin kiz","onset","AE->S; IH->F","IH",2
1780,"kig vin zim hing","onset","AE->S; IH->F","IH",2
826,"ghing vin kim hiz","onset","AE->S; IH->F","IH",2
303,"ghiz hin ving mik","onset","AE->S; IH->F","IH",2
1634,"nim kig viz hing","onset","AE->S; IH->F","IH",2
3006,"hig ning vik zim","onset","AE->S; IH->F","IH",2
1637,"vim hin zig king","onset","AE->S; IH->F","IH",2
1932,"hin ghiz ming vik","onset","AE->S; IH->F","IH",2
700,"kig zing vin him","onset","AE->S; IH->F","IH",2
1229,"vim ghin hing kiz","onset","AE->S; IH->F","IH",2
